Date,Open,High,Low,Close,Volume
2017-10-17 00:00:00.000000,0.05802600,0.05803600,0.05800500,0.05802400,17.30200000
2017-10-17 00:01:00.000000,0.05802400,0.05802400,0.05794900,0.05794900,5.12800000
2017-10-17 00:02:00.000000,0.05780100,0.05796500,0.05778500,0.05780200,8.04600000
2017-10-17 00:03:00.000000,0.05795900,0.05795900,0.05778700,0.05794600,20.22600000
2017-10-17 00:04:00.000000,0.05794600,0.05794600,0.05780700,0.05780800,26.03400000
2017-10-17 00:05:00.000000,0.05780600,0.05782400,0.05778500,0.05778500,11.09000000
2017-10-17 00:06:00.000000,0.05782300,0.05795400,0.05782300,0.05793800,11.91200000
2017-10-17 00:07:00.000000,0.05782100,0.05792000,0.05778600,0.05790300,18.27400000
2017-10-17 00:08:00.000000,0.05789900,0.05789900,0.05778700,0.05778700,1.68300000
2017-10-17 00:09:00.000000,0.05778800,0.05788500,0.05778500,0.05786500,13.89200000
2017-10-17 00:10:00.000000,0.05788500,0.05795800,0.05780100,0.05793100,6.09200000
2017-10-17 00:11:00.000000,0.05778600,0.05789200,0.05778600,0.05789200,11.81600000
2017-10-17 00:12:00.000000,0.05790900,0.05807200,0.05790100,0.05807200,37.63400000
2017-10-17 00:13:00.000000,0.05807800,0.05828500,0.05791200,0.05800000,20.49800000
2017-10-17 00:14:00.000000,0.05800000,0.05815900,0.05800000,0.05815900,17.50600000
2017-10-17 00:15:00.000000,0.05800200,0.05809700,0.05800200,0.05800200,3.10700000
2017-10-17 00:16:00.000000,0.05800500,0.05808900,0.05800200,0.05800200,21.75800000
2017-10-17 00:17:00.000000,0.05800000,0.05807900,0.05800000,0.05800000,34.76900000
2017-10-17 00:18:00.000000,0.05800400,0.05806900,0.05785600,0.05797900,10.41600000
2017-10-17 00:19:00.000000,0.05783300,0.05806700,0.05783300,0.05787200,30.65600000
2017-10-17 00:20:00.000000,0.05786300,0.05805700,0.05785300,0.05785900,3.74900000
2017-10-17 00:21:00.000000,0.05785900,0.05800900,0.05785400,0.05800900,3.30600000
2017-10-17 00:22:00.000000,0.05800500,0.05800500,0.05786500,0.05786500,2.31000000
2017-10-17 00:23:00.000000,0.05798000,0.05799700,0.05785300,0.05799400,7.80600000
2017-10-17 00:24:00.000000,0.05787300,0.05796800,0.05786400,0.05787000,9.37000000
2017-10-17 00:25:00.000000,0.05801000,0.05801000,0.05785600,0.05785600,11.53700000
2017-10-17 00:26:00.000000,0.05787200,0.05788600,0.05786100,0.05786100,38.74600000
2017-10-17 00:27:00.000000,0.05786900,0.05796000,0.05784400,0.05795100,14.51600000
2017-10-17 00:28:00.000000,0.05795000,0.05795000,0.05785100,0.05793100,23.57800000
2017-10-17 00:29:00.000000,0.05784400,0.05795000,0.05784400,0.05794200,19.92000000
2017-10-17 00:30:00.000000,0.05795000,0.05795000,0.05788000,0.05792700,6.23100000
2017-10-17 00:31:00.000000,0.05788400,0.05794700,0.05784400,0.05784400,24.34800000
2017-10-17 00:32:00.000000,0.05794700,0.05794700,0.05784400,0.05794200,18.12400000
2017-10-17 00:33:00.000000,0.05794200,0.05794200,0.05780200,0.05794000,11.65500000
2017-10-17 00:34:00.000000,0.05781700,0.05781700,0.05780500,0.05780500,5.52100000
2017-10-17 00:35:00.000000,0.05780100,0.05794000,0.05780100,0.05792900,4.36400000
2017-10-17 00:36:00.000000,0.05793900,0.05794600,0.05793100,0.05794600,4.07600000
2017-10-17 00:37:00.000000,0.05793400,0.05793900,0.05783000,0.05793900,3.87100000
2017-10-17 00:38:00.000000,0.05793800,0.05793800,0.05782800,0.05792900,1.00800000
2017-10-17 00:39:00.000000,0.05793800,0.05793800,0.05782800,0.05792300,1.95500000
2017-10-17 00:40:00.000000,0.05782800,0.05793600,0.05780100,0.05792100,5.70400000
2017-10-17 00:41:00.000000,0.05780100,0.05782100,0.05780100,0.05781600,7.73900000
2017-10-17 00:42:00.000000,0.05781400,0.05782100,0.05780700,0.05780700,16.41100000
2017-10-17 00:43:00.000000,0.05780600,0.05782200,0.05780400,0.05782200,14.53300000
2017-10-17 00:44:00.000000,0.05793800,0.05793800,0.05778500,0.05793800,30.29900000
2017-10-17 00:45:00.000000,0.05792100,0.05794700,0.05792100,0.05794400,51.17600000
2017-10-17 00:46:00.000000,0.05792300,0.05792300,0.05781700,0.05781700,0.03600000
2017-10-17 00:47:00.000000,0.05783800,0.05793800,0.05780400,0.05780800,3.70900000
2017-10-17 00:48:00.000000,0.05792200,0.05793800,0.05780000,0.05793800,14.98400000
2017-10-17 00:49:00.000000,0.05785500,0.05796000,0.05780300,0.05780800,25.84700000
2017-10-17 00:50:00.000000,0.05781200,0.05794600,0.05781000,0.05782700,5.14400000
2017-10-17 00:51:00.000000,0.05782400,0.05804200,0.05782400,0.05799500,9.97400000
2017-10-17 00:52:00.000000,0.05788700,0.05805300,0.05788000,0.05801000,8.60600000
2017-10-17 00:53:00.000000,0.05788900,0.05803900,0.05784200,0.05786200,11.18000000
2017-10-17 00:54:00.000000,0.05799500,0.05799500,0.05782600,0.05783800,19.62800000
2017-10-17 00:55:00.000000,0.05783800,0.05783800,0.05782400,0.05783100,2.21900000
2017-10-17 00:56:00.000000,0.05782500,0.05783800,0.05782500,0.05783800,0.65900000
2017-10-17 00:57:00.000000,0.05782500,0.05803400,0.05782500,0.05784000,8.86600000
2017-10-17 00:58:00.000000,0.05783600,0.05783600,0.05782800,0.05782800,0.22800000
2017-10-17 00:59:00.000000,0.05783100,0.05796500,0.05782700,0.05796500,2.97500000
2017-10-17 01:00:00.000000,0.05798400,0.05798400,0.05798400,0.05798400,9.94700000
2017-10-17 01:01:00.000000,0.05787800,0.05797600,0.05783300,0.05784200,6.35600000
2017-10-17 01:02:00.000000,0.05796700,0.05798400,0.05796200,0.05798400,7.56200000
2017-10-17 01:03:00.000000,0.05798300,0.05798300,0.05796200,0.05796400,6.64600000
2017-10-17 01:04:00.000000,0.05785500,0.05798400,0.05785500,0.05797400,4.42700000
2017-10-17 01:05:00.000000,0.05796200,0.05798100,0.05784600,0.05784600,9.31900000
2017-10-17 01:06:00.000000,0.05797100,0.05797200,0.05782700,0.05797200,10.27200000
2017-10-17 01:07:00.000000,0.05797200,0.05798300,0.05784000,0.05784000,19.20200000
2017-10-17 01:08:00.000000,0.05798300,0.05798300,0.05783700,0.05784200,6.17200000
2017-10-17 01:09:00.000000,0.05786500,0.05796600,0.05786500,0.05796600,4.60300000
2017-10-17 01:10:00.000000,0.05785400,0.05798300,0.05782500,0.05797300,16.63100000
2017-10-17 01:11:00.000000,0.05789100,0.05798300,0.05784900,0.05796400,7.90800000
2017-10-17 01:12:00.000000,0.05796400,0.05798400,0.05784200,0.05798300,30.96600000
2017-10-17 01:13:00.000000,0.05798200,0.05798400,0.05782500,0.05782500,9.59300000
2017-10-17 01:14:00.000000,0.05798300,0.05798300,0.05775300,0.05782200,29.55700000
2017-10-17 01:15:00.000000,0.05780600,0.05790000,0.05776900,0.05781800,16.35000000
2017-10-17 01:16:00.000000,0.05782200,0.05804900,0.05782200,0.05787000,16.70100000
2017-10-17 01:17:00.000000,0.05803100,0.05803100,0.05787100,0.05800800,29.03900000
2017-10-17 01:18:00.000000,0.05784000,0.05786000,0.05784000,0.05786000,0.35200000
2017-10-17 01:19:00.000000,0.05782000,0.05811700,0.05781600,0.05788000,22.35700000
2017-10-17 01:20:00.000000,0.05779800,0.05803500,0.05779800,0.05803500,0.49000000
2017-10-17 01:21:00.000000,0.05803300,0.05811100,0.05802700,0.05811100,13.22900000
2017-10-17 01:22:00.000000,0.05785800,0.05813500,0.05785800,0.05787700,5.48100000
2017-10-17 01:23:00.000000,0.05787700,0.05787700,0.05787700,0.05787700,0.00000000
2017-10-17 01:24:00.000000,0.05796700,0.05820100,0.05795800,0.05820100,8.67500000
2017-10-17 01:25:00.000000,0.05801900,0.05817700,0.05796900,0.05803100,8.70000000
2017-10-17 01:26:00.000000,0.05794000,0.05794000,0.05788300,0.05788300,2.75700000
2017-10-17 01:27:00.000000,0.05788900,0.05789400,0.05788100,0.05788900,4.37600000
2017-10-17 01:28:00.000000,0.05790000,0.05800000,0.05788000,0.05788000,9.05000000
2017-10-17 01:29:00.000000,0.05798500,0.05798500,0.05788000,0.05789700,2.55400000
2017-10-17 01:30:00.000000,0.05791100,0.05791700,0.05788000,0.05788700,5.32500000
2017-10-17 01:31:00.000000,0.05789800,0.05800700,0.05789800,0.05800700,9.59900000
2017-10-17 01:32:00.000000,0.05800700,0.05800700,0.05792700,0.05799700,6.61200000
2017-10-17 01:33:00.000000,0.05801000,0.05809700,0.05799500,0.05799500,18.46700000
2017-10-17 01:34:00.000000,0.05801000,0.05801000,0.05791200,0.05791200,1.82100000
2017-10-17 01:35:00.000000,0.05791300,0.05800500,0.05791300,0.05800300,16.26100000
2017-10-17 01:36:00.000000,0.05801000,0.05802000,0.05787700,0.05787700,18.52300000
2017-10-17 01:37:00.000000,0.05803400,0.05803400,0.05787700,0.05788600,38.02600000
2017-10-17 01:38:00.000000,0.05788600,0.05805200,0.05787700,0.05802400,50.86700000
2017-10-17 01:39:00.000000,0.05802700,0.05818900,0.05802700,0.05818900,17.00100000
2017-10-17 01:40:00.000000,0.05804600,0.05817000,0.05803300,0.05803400,5.03000000
2017-10-17 01:41:00.000000,0.05804200,0.05804200,0.05787800,0.05788800,16.74600000
2017-10-17 01:42:00.000000,0.05815800,0.05815800,0.05794700,0.05814300,3.61500000
2017-10-17 01:43:00.000000,0.05804100,0.05817400,0.05792800,0.05817400,20.63200000
2017-10-17 01:44:00.000000,0.05814900,0.05820200,0.05814200,0.05819700,15.01000000
2017-10-17 01:45:00.000000,0.05819700,0.05829500,0.05819700,0.05828600,35.51800000
2017-10-17 01:46:00.000000,0.05829500,0.05829500,0.05824100,0.05824200,12.85800000
2017-10-17 01:47:00.000000,0.05829500,0.05829500,0.05819100,0.05828000,32.99300000
2017-10-17 01:48:00.000000,0.05828900,0.05828900,0.05820300,0.05827900,13.54800000
2017-10-17 01:49:00.000000,0.05818900,0.05829500,0.05814200,0.05815800,8.06300000
2017-10-17 01:50:00.000000,0.05815800,0.05829500,0.05815800,0.05829500,10.61300000
2017-10-17 01:51:00.000000,0.05830100,0.05837800,0.05829500,0.05829700,14.64900000
2017-10-17 01:52:00.000000,0.05830500,0.05850000,0.05829500,0.05829800,45.37600000
2017-10-17 01:53:00.000000,0.05849100,0.05849600,0.05831300,0.05831300,10.65600000
2017-10-17 01:54:00.000000,0.05833500,0.05850000,0.05833500,0.05849600,20.13500000
2017-10-17 01:55:00.000000,0.05836300,0.05867200,0.05836300,0.05867200,17.66300000
2017-10-17 01:56:00.000000,0.05847600,0.05850200,0.05847600,0.05850200,4.52700000
2017-10-17 01:57:00.000000,0.05843600,0.05867200,0.05843600,0.05850100,25.48300000
2017-10-17 01:58:00.000000,0.05843600,0.05857400,0.05838900,0.05838900,6.71000000
2017-10-17 01:59:00.000000,0.05841200,0.05842700,0.05829700,0.05829700,22.29200000
2017-10-17 02:00:00.000000,0.05840000,0.05840000,0.05840000,0.05840000,0.17600000
2017-10-17 02:01:00.000000,0.05841900,0.05852300,0.05841900,0.05851900,4.34900000
2017-10-17 02:02:00.000000,0.05850000,0.05850000,0.05830400,0.05830400,45.14600000
2017-10-17 02:03:00.000000,0.05829500,0.05842700,0.05829500,0.05842700,4.84900000
2017-10-17 02:04:00.000000,0.05831700,0.05831700,0.05829700,0.05829700,2.16500000
2017-10-17 02:05:00.000000,0.05829700,0.05829700,0.05829700,0.05829700,8.51100000
2017-10-17 02:06:00.000000,0.05829700,0.05830800,0.05829500,0.05829500,23.47500000
2017-10-17 02:07:00.000000,0.05830800,0.05830800,0.05800000,0.05823700,27.40700000
2017-10-17 02:08:00.000000,0.05823700,0.05826600,0.05808200,0.05826500,1.85800000
2017-10-17 02:09:00.000000,0.05824800,0.05837700,0.05823900,0.05837700,44.00000000
2017-10-17 02:10:00.000000,0.05826200,0.05828000,0.05820800,0.05822600,13.03700000
2017-10-17 02:11:00.000000,0.05836700,0.05836700,0.05822600,0.05835400,1.35900000
2017-10-17 02:12:00.000000,0.05822800,0.05836500,0.05822600,0.05823300,29.19800000
2017-10-17 02:13:00.000000,0.05823300,0.05836200,0.05822600,0.05823400,9.32400000
2017-10-17 02:14:00.000000,0.05824600,0.05824600,0.05822100,0.05822100,3.82400000
2017-10-17 02:15:00.000000,0.05820900,0.05822100,0.05820900,0.05822100,31.30700000
2017-10-17 02:16:00.000000,0.05822100,0.05822100,0.05817900,0.05817900,2.39200000
2017-10-17 02:17:00.000000,0.05810600,0.05819300,0.05803500,0.05819200,25.14600000
2017-10-17 02:18:00.000000,0.05802300,0.05822100,0.05802300,0.05817500,11.84600000
2017-10-17 02:19:00.000000,0.05817500,0.05817500,0.05802700,0.05803200,2.02000000
2017-10-17 02:20:00.000000,0.05804800,0.05817400,0.05802900,0.05804800,6.15500000
2017-10-17 02:21:00.000000,0.05817100,0.05817500,0.05817100,0.05817400,64.68900000
2017-10-17 02:22:00.000000,0.05817500,0.05817500,0.05804200,0.05804200,10.82400000
2017-10-17 02:23:00.000000,0.05816600,0.05816600,0.05804200,0.05804200,1.08100000
2017-10-17 02:24:00.000000,0.05802900,0.05817300,0.05802900,0.05817300,11.57300000
2017-10-17 02:25:00.000000,0.05815600,0.05817500,0.05800000,0.05800000,28.52600000
2017-10-17 02:26:00.000000,0.05816800,0.05817400,0.05815500,0.05817400,4.79300000
2017-10-17 02:27:00.000000,0.05816600,0.05817200,0.05800000,0.05800200,10.99500000
2017-10-17 02:28:00.000000,0.05814600,0.05814900,0.05814600,0.05814900,0.57700000
2017-10-17 02:29:00.000000,0.05801700,0.05814400,0.05800000,0.05800000,7.37900000
2017-10-17 02:30:00.000000,0.05816900,0.05817000,0.05814000,0.05814000,8.30200000
2017-10-17 02:31:00.000000,0.05814700,0.05814700,0.05801600,0.05814500,28.91900000
2017-10-17 02:32:00.000000,0.05803300,0.05813700,0.05787900,0.05813700,21.29500000
2017-10-17 02:33:00.000000,0.05811800,0.05812800,0.05810900,0.05811100,1.42300000
2017-10-17 02:34:00.000000,0.05811400,0.05812400,0.05788300,0.05812200,3.61600000
2017-10-17 02:35:00.000000,0.05814000,0.05814000,0.05812500,0.05814000,4.19400000
2017-10-17 02:36:00.000000,0.05812500,0.05812500,0.05811000,0.05811000,2.17400000
2017-10-17 02:37:00.000000,0.05810900,0.05810900,0.05791700,0.05794300,18.55600000
2017-10-17 02:38:00.000000,0.05794300,0.05809900,0.05791000,0.05805200,22.14200000
2017-10-17 02:39:00.000000,0.05811500,0.05812500,0.05811500,0.05812000,1.73900000
2017-10-17 02:40:00.000000,0.05811300,0.05811800,0.05805700,0.05805700,4.00700000
2017-10-17 02:41:00.000000,0.05810800,0.05812300,0.05797900,0.05802000,17.78200000
2017-10-17 02:42:00.000000,0.05789700,0.05810300,0.05789700,0.05809900,7.34500000
2017-10-17 02:43:00.000000,0.05798400,0.05817500,0.05788800,0.05817500,50.02200000
2017-10-17 02:44:00.000000,0.05801300,0.05818100,0.05801300,0.05803600,35.69100000
2017-10-17 02:45:00.000000,0.05805500,0.05817100,0.05802600,0.05817100,7.02800000
2017-10-17 02:46:00.000000,0.05816700,0.05818100,0.05802600,0.05816000,17.43800000
2017-10-17 02:47:00.000000,0.05814100,0.05814300,0.05791000,0.05814300,8.82000000
2017-10-17 02:48:00.000000,0.05814300,0.05814300,0.05793400,0.05810800,14.15000000
2017-10-17 02:49:00.000000,0.05808000,0.05818100,0.05807700,0.05818100,14.83500000
2017-10-17 02:50:00.000000,0.05817500,0.05817500,0.05815800,0.05816300,7.75700000
2017-10-17 02:51:00.000000,0.05816600,0.05818100,0.05816500,0.05818000,63.49700000
2017-10-17 02:52:00.000000,0.05816500,0.05816500,0.05798000,0.05800100,44.22700000
2017-10-17 02:53:00.000000,0.05800100,0.05812300,0.05798300,0.05798400,24.10000000
2017-10-17 02:54:00.000000,0.05798400,0.05799800,0.05798300,0.05799800,23.18200000
2017-10-17 02:55:00.000000,0.05798300,0.05799800,0.05797600,0.05798600,18.19400000
2017-10-17 02:56:00.000000,0.05799300,0.05800000,0.05797900,0.05798100,5.29400000
2017-10-17 02:57:00.000000,0.05799800,0.05800000,0.05798100,0.05800000,9.90200000
2017-10-17 02:58:00.000000,0.05799800,0.05800000,0.05798100,0.05800000,11.42800000
2017-10-17 02:59:00.000000,0.05813300,0.05815800,0.05813300,0.05815400,1.12500000
2017-10-17 03:00:00.000000,0.05815900,0.05816400,0.05814700,0.05816400,10.61300000
2017-10-17 03:01:00.000000,0.05816000,0.05816000,0.05804300,0.05804300,3.06200000
2017-10-17 03:02:00.000000,0.05804300,0.05818000,0.05804300,0.05816900,8.32900000
2017-10-17 03:03:00.000000,0.05816900,0.05818100,0.05816900,0.05818100,3.73600000
2017-10-17 03:04:00.000000,0.05816900,0.05822600,0.05816900,0.05816900,39.48200000
2017-10-17 03:05:00.000000,0.05817900,0.05822600,0.05800100,0.05822400,11.35300000
2017-10-17 03:06:00.000000,0.05821200,0.05823800,0.05800000,0.05800100,29.65400000
2017-10-17 03:07:00.000000,0.05803700,0.05833500,0.05803700,0.05833200,3.13400000
2017-10-17 03:08:00.000000,0.05802200,0.05815400,0.05802200,0.05815400,10.87200000
2017-10-17 03:09:00.000000,0.05802000,0.05802000,0.05802000,0.05802000,2.98400000
2017-10-17 03:10:00.000000,0.05817300,0.05817300,0.05815400,0.05815400,2.89700000
2017-10-17 03:11:00.000000,0.05809400,0.05811400,0.05809300,0.05809300,2.52700000
2017-10-17 03:12:00.000000,0.05809700,0.05816700,0.05797600,0.05816700,32.07800000
2017-10-17 03:13:00.000000,0.05836100,0.05836100,0.05797800,0.05834000,27.61200000
2017-10-17 03:14:00.000000,0.05800900,0.05828700,0.05797100,0.05797600,31.54300000
2017-10-17 03:15:00.000000,0.05799400,0.05827400,0.05799400,0.05827400,14.62600000
2017-10-17 03:16:00.000000,0.05826800,0.05826800,0.05798800,0.05822000,12.17500000
2017-10-17 03:17:00.000000,0.05832100,0.05832100,0.05805200,0.05829000,17.92400000
2017-10-17 03:18:00.000000,0.05829000,0.05833200,0.05828900,0.05832700,8.13800000
2017-10-17 03:19:00.000000,0.05803700,0.05828500,0.05803700,0.05828500,0.70100000
2017-10-17 03:20:00.000000,0.05812000,0.05826700,0.05812000,0.05826700,2.76200000
2017-10-17 03:21:00.000000,0.05825100,0.05825900,0.05825100,0.05825900,0.79600000
2017-10-17 03:22:00.000000,0.05831600,0.05833500,0.05812300,0.05820600,12.32600000
2017-10-17 03:23:00.000000,0.05833800,0.05833800,0.05815600,0.05815600,2.20200000
2017-10-17 03:24:00.000000,0.05819600,0.05819600,0.05812900,0.05815100,30.92200000
2017-10-17 03:25:00.000000,0.05815700,0.05831600,0.05815700,0.05831600,25.54500000
2017-10-17 03:26:00.000000,0.05834000,0.05836100,0.05818100,0.05835000,17.46600000
2017-10-17 03:27:00.000000,0.05820200,0.05836200,0.05820200,0.05836200,3.26000000
2017-10-17 03:28:00.000000,0.05823700,0.05836200,0.05823700,0.05836000,11.61900000
2017-10-17 03:29:00.000000,0.05825200,0.05836200,0.05820800,0.05836200,3.51200000
2017-10-17 03:30:00.000000,0.05822700,0.05836200,0.05818000,0.05835800,14.63200000
2017-10-17 03:31:00.000000,0.05834200,0.05834200,0.05820100,0.05820400,16.99900000
2017-10-17 03:32:00.000000,0.05820300,0.05835700,0.05820300,0.05835700,7.19500000
2017-10-17 03:33:00.000000,0.05832900,0.05833800,0.05820800,0.05821400,17.04500000
2017-10-17 03:34:00.000000,0.05832000,0.05833600,0.05823000,0.05833600,18.27900000
2017-10-17 03:35:00.000000,0.05824400,0.05834200,0.05823000,0.05823100,26.42700000
2017-10-17 03:36:00.000000,0.05823100,0.05834300,0.05823100,0.05825100,4.80600000
2017-10-17 03:37:00.000000,0.05832300,0.05834300,0.05825200,0.05825400,9.17000000
2017-10-17 03:38:00.000000,0.05825200,0.05836500,0.05823800,0.05836500,18.65200000
2017-10-17 03:39:00.000000,0.05836500,0.05847500,0.05836500,0.05847300,31.80000000
2017-10-17 03:40:00.000000,0.05836500,0.05841000,0.05826600,0.05838000,41.03400000
2017-10-17 03:41:00.000000,0.05837800,0.05854000,0.05826700,0.05828100,90.88200000
2017-10-17 03:42:00.000000,0.05828100,0.05848900,0.05828100,0.05848900,5.29000000
2017-10-17 03:43:00.000000,0.05829800,0.05852600,0.05829800,0.05832300,10.06200000
2017-10-17 03:44:00.000000,0.05832300,0.05852100,0.05830000,0.05848800,40.16700000
2017-10-17 03:45:00.000000,0.05830000,0.05839900,0.05827800,0.05835100,47.32000000
2017-10-17 03:46:00.000000,0.05832100,0.05838400,0.05823100,0.05824900,38.71800000
2017-10-17 03:47:00.000000,0.05823400,0.05824100,0.05823100,0.05823600,31.35200000
2017-10-17 03:48:00.000000,0.05823600,0.05824000,0.05818000,0.05823700,14.14200000
2017-10-17 03:49:00.000000,0.05818900,0.05822100,0.05818000,0.05818000,18.67900000
2017-10-17 03:50:00.000000,0.05818000,0.06034800,0.05818000,0.05818400,298.87300000
2017-10-17 03:51:00.000000,0.05879500,0.05879500,0.05819300,0.05877500,6.96400000
2017-10-17 03:52:00.000000,0.05821500,0.05878800,0.05821500,0.05839000,26.55100000
2017-10-17 03:53:00.000000,0.05836900,0.05837800,0.05831800,0.05837800,6.55400000
2017-10-17 03:54:00.000000,0.05834000,0.05852400,0.05832800,0.05833300,10.47600000
2017-10-17 03:55:00.000000,0.05833500,0.05873100,0.05833500,0.05836900,58.06000000
2017-10-17 03:56:00.000000,0.05835500,0.05867100,0.05833300,0.05859500,6.31800000
2017-10-17 03:57:00.000000,0.05833600,0.05850300,0.05833600,0.05849900,2.02600000
2017-10-17 03:58:00.000000,0.05847600,0.05847600,0.05833700,0.05846700,22.44900000
2017-10-17 03:59:00.000000,0.05833700,0.05835800,0.05833200,0.05833300,48.10500000
2017-10-17 04:00:00.000000,0.05835400,0.05846600,0.05826900,0.05846500,46.58800000
2017-10-17 04:01:00.000000,0.05839700,0.05839700,0.05821100,0.05836900,1.95700000
2017-10-17 04:02:00.000000,0.05818000,0.05821000,0.05818000,0.05819600,3.39900000
2017-10-17 04:03:00.000000,0.05833100,0.05919300,0.05819600,0.05840500,114.10500000
2017-10-17 04:04:00.000000,0.05840500,0.05853300,0.05827400,0.05853300,5.30300000
2017-10-17 04:05:00.000000,0.05878000,0.05878000,0.05830100,0.05876700,18.68100000
2017-10-17 04:06:00.000000,0.05876300,0.05876300,0.05832800,0.05858500,14.17800000
2017-10-17 04:07:00.000000,0.05835300,0.05857500,0.05832500,0.05855200,11.12200000
2017-10-17 04:08:00.000000,0.05833600,0.05840000,0.05832500,0.05832500,6.75800000
2017-10-17 04:09:00.000000,0.05832500,0.05848600,0.05831200,0.05848000,9.59600000
2017-10-17 04:10:00.000000,0.05832400,0.05834900,0.05829300,0.05829300,29.32200000
2017-10-17 04:11:00.000000,0.05829300,0.05830700,0.05816200,0.05829200,32.20100000
2017-10-17 04:12:00.000000,0.05816200,0.05828600,0.05810000,0.05826300,30.03400000
2017-10-17 04:13:00.000000,0.05820000,0.05820000,0.05812300,0.05812300,13.60100000
2017-10-17 04:14:00.000000,0.05813200,0.05813600,0.05812800,0.05813200,7.22300000
2017-10-17 04:15:00.000000,0.05811700,0.05812100,0.05800000,0.05800000,12.39600000
2017-10-17 04:16:00.000000,0.05799900,0.05811400,0.05799900,0.05810500,5.33500000
2017-10-17 04:17:00.000000,0.05809600,0.05811300,0.05809600,0.05811200,1.04200000
2017-10-17 04:18:00.000000,0.05810800,0.05825600,0.05809500,0.05809500,7.25700000
2017-10-17 04:19:00.000000,0.05809500,0.05823200,0.05809500,0.05823200,1.65800000
2017-10-17 04:20:00.000000,0.05813000,0.05814500,0.05813000,0.05813100,2.17700000
2017-10-17 04:21:00.000000,0.05813100,0.05815000,0.05813000,0.05813900,1.79400000
2017-10-17 04:22:00.000000,0.05815000,0.05829300,0.05813000,0.05827400,13.38000000
2017-10-17 04:23:00.000000,0.05812100,0.05814600,0.05809800,0.05810700,29.35200000
2017-10-17 04:24:00.000000,0.05810300,0.05810300,0.05810300,0.05810300,0.99200000
2017-10-17 04:25:00.000000,0.05812300,0.05812700,0.05811600,0.05811600,1.01200000
2017-10-17 04:26:00.000000,0.05812800,0.05812800,0.05810800,0.05810800,1.38600000
2017-10-17 04:27:00.000000,0.05816800,0.05829700,0.05809600,0.05825800,15.58100000
2017-10-17 04:28:00.000000,0.05825800,0.05845600,0.05809700,0.05809700,14.13000000
2017-10-17 04:29:00.000000,0.05814400,0.05846600,0.05812500,0.05814300,1.74900000
2017-10-17 04:30:00.000000,0.05814700,0.05846400,0.05814700,0.05846400,1.09400000
2017-10-17 04:31:00.000000,0.05818100,0.05837600,0.05818100,0.05835600,43.18900000
2017-10-17 04:32:00.000000,0.05818800,0.05820000,0.05810500,0.05820000,23.69900000
2017-10-17 04:33:00.000000,0.05834800,0.05836800,0.05834800,0.05836800,2.40300000
2017-10-17 04:34:00.000000,0.05828300,0.05829900,0.05812700,0.05812700,3.08300000
2017-10-17 04:35:00.000000,0.05813400,0.05829900,0.05813400,0.05828200,1.75300000
2017-10-17 04:36:00.000000,0.05827600,0.05829000,0.05812800,0.05829000,2.28200000
2017-10-17 04:37:00.000000,0.05812500,0.05830000,0.05812100,0.05812800,19.14700000
2017-10-17 04:38:00.000000,0.05818400,0.05825900,0.05813900,0.05825900,0.83400000
2017-10-17 04:39:00.000000,0.05827600,0.05829900,0.05814600,0.05828000,6.24800000
2017-10-17 04:40:00.000000,0.05828100,0.05828600,0.05828100,0.05828600,4.31400000
2017-10-17 04:41:00.000000,0.05814700,0.05820700,0.05814700,0.05820700,14.84100000
2017-10-17 04:42:00.000000,0.05813200,0.05813200,0.05811400,0.05811400,1.06400000
2017-10-17 04:43:00.000000,0.05812500,0.05828500,0.05812500,0.05828200,8.47900000
2017-10-17 04:44:00.000000,0.05830000,0.05830000,0.05813000,0.05813800,5.95000000
2017-10-17 04:45:00.000000,0.05815900,0.05816800,0.05815900,0.05816800,9.13700000
2017-10-17 04:46:00.000000,0.05828100,0.05831700,0.05826900,0.05831700,22.52800000
2017-10-17 04:47:00.000000,0.05823900,0.05823900,0.05798300,0.05798500,18.59200000
2017-10-17 04:48:00.000000,0.05829400,0.05830700,0.05829400,0.05830700,2.40500000
2017-10-17 04:49:00.000000,0.05827000,0.05829100,0.05801500,0.05801500,1.73000000
2017-10-17 04:50:00.000000,0.05825600,0.05825600,0.05825500,0.05825500,1.78600000
2017-10-17 04:51:00.000000,0.05800500,0.05825200,0.05800500,0.05825200,40.04300000
2017-10-17 04:52:00.000000,0.05801000,0.05801100,0.05800200,0.05800200,9.13200000
2017-10-17 04:53:00.000000,0.05797800,0.05813300,0.05797600,0.05797600,10.54100000
2017-10-17 04:54:00.000000,0.05809400,0.05810600,0.05797600,0.05810600,7.55300000
2017-10-17 04:55:00.000000,0.05813400,0.05814000,0.05813400,0.05814000,0.57500000
2017-10-17 04:56:00.000000,0.05797600,0.05799400,0.05797600,0.05797900,0.69200000
2017-10-17 04:57:00.000000,0.05799600,0.05799600,0.05790700,0.05790700,8.94700000
2017-10-17 04:58:00.000000,0.05790500,0.05791400,0.05790200,0.05790400,23.95000000
2017-10-17 04:59:00.000000,0.05790200,0.05790500,0.05790000,0.05790000,23.96200000
2017-10-17 05:00:00.000000,0.05790000,0.05803300,0.05788700,0.05790000,81.13100000
2017-10-17 05:01:00.000000,0.05790000,0.05790000,0.05788100,0.05790000,21.22700000
2017-10-17 05:02:00.000000,0.05801100,0.05801700,0.05793600,0.05793600,1.93100000
2017-10-17 05:03:00.000000,0.05834700,0.05834700,0.05816400,0.05816400,2.18400000
2017-10-17 05:04:00.000000,0.05809200,0.05830300,0.05808600,0.05819700,32.47000000
2017-10-17 05:05:00.000000,0.05829100,0.05831100,0.05812400,0.05828500,58.80200000
2017-10-17 05:06:00.000000,0.05829700,0.05831100,0.05829700,0.05831100,0.33800000
2017-10-17 05:07:00.000000,0.05828600,0.05829500,0.05828000,0.05828800,6.29200000
2017-10-17 05:08:00.000000,0.05829300,0.05829800,0.05829300,0.05829800,0.60700000
2017-10-17 05:09:00.000000,0.05828300,0.05829300,0.05814500,0.05814500,11.35100000
2017-10-17 05:10:00.000000,0.05816000,0.05829700,0.05813700,0.05828400,15.28600000
2017-10-17 05:11:00.000000,0.05814700,0.05831100,0.05814700,0.05815000,11.52300000
2017-10-17 05:12:00.000000,0.05816000,0.05829200,0.05816000,0.05816200,16.49900000
2017-10-17 05:13:00.000000,0.05819100,0.05828800,0.05816500,0.05828800,11.72600000
2017-10-17 05:14:00.000000,0.05827900,0.05831000,0.05823000,0.05831000,4.74900000
2017-10-17 05:15:00.000000,0.05831000,0.05833900,0.05819000,0.05833900,36.47200000
2017-10-17 05:16:00.000000,0.05832800,0.05832800,0.05815500,0.05832100,17.92100000
2017-10-17 05:17:00.000000,0.05815600,0.05831700,0.05815600,0.05831700,11.12000000
2017-10-17 05:18:00.000000,0.05831400,0.05831400,0.05814000,0.05814000,28.55100000
2017-10-17 05:19:00.000000,0.05814000,0.05816000,0.05814000,0.05816000,31.96000000
2017-10-17 05:20:00.000000,0.05831000,0.05836500,0.05815900,0.05818200,46.11400000
2017-10-17 05:21:00.000000,0.05818300,0.05828500,0.05818300,0.05828500,3.85600000
2017-10-17 05:22:00.000000,0.05828500,0.05828500,0.05816700,0.05826600,31.57400000
2017-10-17 05:23:00.000000,0.05825100,0.05825100,0.05825100,0.05825100,0.01900000
2017-10-17 05:24:00.000000,0.05823200,0.05828500,0.05823200,0.05827800,5.88900000
2017-10-17 05:25:00.000000,0.05826100,0.05827800,0.05826100,0.05827200,20.73900000
2017-10-17 05:26:00.000000,0.05821200,0.05827800,0.05820000,0.05827800,19.60100000
2017-10-17 05:27:00.000000,0.05826500,0.05827800,0.05820100,0.05825900,22.44700000
2017-10-17 05:28:00.000000,0.05825900,0.05825900,0.05820200,0.05820200,31.52300000
2017-10-17 05:29:00.000000,0.05825900,0.05825900,0.05820000,0.05820300,1.40600000
2017-10-17 05:30:00.000000,0.05821600,0.05822000,0.05820000,0.05820000,2.29400000
2017-10-17 05:31:00.000000,0.05820000,0.05827400,0.05820000,0.05820800,3.31100000
2017-10-17 05:32:00.000000,0.05820000,0.05826700,0.05820000,0.05820000,37.12300000
2017-10-17 05:33:00.000000,0.05816900,0.05820000,0.05814000,0.05814000,51.08600000
2017-10-17 05:34:00.000000,0.05818500,0.05835600,0.05815400,0.05818300,34.71300000
2017-10-17 05:35:00.000000,0.05818000,0.05835400,0.05818000,0.05826000,7.86100000
2017-10-17 05:36:00.000000,0.05826000,0.05836500,0.05825100,0.05825200,28.92600000
2017-10-17 05:37:00.000000,0.05834400,0.05842300,0.05821200,0.05821200,27.18000000
2017-10-17 05:38:00.000000,0.05814000,0.05828500,0.05814000,0.05814000,5.51100000
2017-10-17 05:39:00.000000,0.05828700,0.05828700,0.05810000,0.05812200,42.11300000
2017-10-17 05:40:00.000000,0.05811700,0.05819700,0.05810300,0.05819700,88.17200000
2017-10-17 05:41:00.000000,0.05810000,0.05820000,0.05810000,0.05820000,2.92900000
2017-10-17 05:42:00.000000,0.05812100,0.05818700,0.05810000,0.05811700,11.72200000
2017-10-17 05:43:00.000000,0.05818700,0.05819900,0.05805000,0.05818300,12.45700000
2017-10-17 05:44:00.000000,0.05818300,0.05818300,0.05803200,0.05818300,5.79500000
2017-10-17 05:45:00.000000,0.05818300,0.05820000,0.05805800,0.05820000,14.29800000
2017-10-17 05:46:00.000000,0.05818300,0.05820000,0.05815000,0.05815900,6.59300000
2017-10-17 05:47:00.000000,0.05815000,0.05819800,0.05815000,0.05818900,8.07100000
2017-10-17 05:48:00.000000,0.05807000,0.05818900,0.05807000,0.05810000,6.61000000
2017-10-17 05:49:00.000000,0.05818000,0.05819600,0.05810000,0.05810000,10.48100000
2017-10-17 05:50:00.000000,0.05819900,0.05820000,0.05810100,0.05810700,2.22600000
2017-10-17 05:51:00.000000,0.05811000,0.05811800,0.05810300,0.05810300,6.39100000
2017-10-17 05:52:00.000000,0.05812100,0.05820000,0.05811900,0.05820000,5.22200000
2017-10-17 05:53:00.000000,0.05818700,0.05819800,0.05810000,0.05819800,13.74400000
2017-10-17 05:54:00.000000,0.05820000,0.05820000,0.05803900,0.05810000,5.36300000
2017-10-17 05:55:00.000000,0.05804100,0.05810000,0.05801300,0.05810000,26.90900000
2017-10-17 05:56:00.000000,0.05803000,0.05830000,0.05803000,0.05807200,44.98800000
2017-10-17 05:57:00.000000,0.05809900,0.05829800,0.05809000,0.05829800,20.28600000
2017-10-17 05:58:00.000000,0.05811800,0.05829500,0.05811800,0.05816100,12.92900000
2017-10-17 05:59:00.000000,0.05814900,0.05815700,0.05809400,0.05809500,7.27200000
2017-10-17 06:00:00.000000,0.05816000,0.05835600,0.05816000,0.05833800,17.18300000
2017-10-17 06:01:00.000000,0.05833800,0.05835400,0.05833800,0.05835400,1.97300000
2017-10-17 06:02:00.000000,0.05815400,0.05817800,0.05815400,0.05817800,10.49600000
2017-10-17 06:03:00.000000,0.05815100,0.05834300,0.05815100,0.05834300,10.53000000
2017-10-17 06:04:00.000000,0.05816000,0.05816000,0.05809900,0.05809900,5.04700000
2017-10-17 06:05:00.000000,0.05809900,0.05809900,0.05809900,0.05809900,0.00000000
2017-10-17 06:06:00.000000,0.05811600,0.05833500,0.05811600,0.05833500,0.75100000
2017-10-17 06:07:00.000000,0.05811900,0.05833300,0.05811900,0.05833300,0.64400000
2017-10-17 06:08:00.000000,0.05812400,0.05828500,0.05810000,0.05810500,20.06400000
2017-10-17 06:09:00.000000,0.05809600,0.05809600,0.05809500,0.05809500,5.22900000
2017-10-17 06:10:00.000000,0.05810500,0.05810500,0.05803000,0.05803000,8.81300000
2017-10-17 06:11:00.000000,0.05801500,0.05817800,0.05801500,0.05817300,16.46500000
2017-10-17 06:12:00.000000,0.05801500,0.05817300,0.05801500,0.05801500,13.76700000
2017-10-17 06:13:00.000000,0.05811900,0.05814000,0.05801700,0.05802900,14.43900000
2017-10-17 06:14:00.000000,0.05810000,0.05810000,0.05803000,0.05805000,14.94500000
2017-10-17 06:15:00.000000,0.05806800,0.05806800,0.05800000,0.05801700,9.26200000
2017-10-17 06:16:00.000000,0.05800000,0.05801100,0.05800000,0.05800000,5.04800000
2017-10-17 06:17:00.000000,0.05793600,0.05795700,0.05793600,0.05793800,11.51000000
2017-10-17 06:18:00.000000,0.05794200,0.05794200,0.05794200,0.05794200,2.03000000
2017-10-17 06:19:00.000000,0.05793600,0.05794000,0.05793600,0.05794000,0.66500000
2017-10-17 06:20:00.000000,0.05793900,0.05794600,0.05790000,0.05790000,2.58600000
2017-10-17 06:21:00.000000,0.05790000,0.05790000,0.05787700,0.05787700,36.22300000
2017-10-17 06:22:00.000000,0.05787800,0.05789800,0.05787800,0.05788300,16.00000000
2017-10-17 06:23:00.000000,0.05788500,0.05789200,0.05787800,0.05788800,15.67700000
2017-10-17 06:24:00.000000,0.05787800,0.05788900,0.05787700,0.05788500,6.92400000
2017-10-17 06:25:00.000000,0.05787700,0.05789500,0.05787700,0.05788400,10.61700000
2017-10-17 06:26:00.000000,0.05787900,0.05789300,0.05787700,0.05787900,12.17200000
2017-10-17 06:27:00.000000,0.05789300,0.05789600,0.05787700,0.05788100,7.37900000
2017-10-17 06:28:00.000000,0.05787900,0.05789600,0.05786500,0.05789600,35.33700000
2017-10-17 06:29:00.000000,0.05786500,0.05789900,0.05785000,0.05789100,5.73700000
2017-10-17 06:30:00.000000,0.05787800,0.05788700,0.05785000,0.05785400,4.67900000
2017-10-17 06:31:00.000000,0.05786600,0.05788400,0.05786600,0.05787100,5.40500000
2017-10-17 06:32:00.000000,0.05789100,0.05789600,0.05786900,0.05789600,5.47400000
2017-10-17 06:33:00.000000,0.05789800,0.05789900,0.05786200,0.05786200,29.98800000
2017-10-17 06:34:00.000000,0.05790000,0.05800100,0.05790000,0.05794900,16.04400000
2017-10-17 06:35:00.000000,0.05786700,0.05800400,0.05786700,0.05788200,14.88800000
2017-10-17 06:36:00.000000,0.05788700,0.05800800,0.05787300,0.05800500,16.48700000
2017-10-17 06:37:00.000000,0.05800500,0.05800500,0.05800500,0.05800500,0.00000000
2017-10-17 06:38:00.000000,0.05809100,0.05809100,0.05786800,0.05788500,16.75300000
2017-10-17 06:39:00.000000,0.05786800,0.05788200,0.05785000,0.05785000,61.90800000
2017-10-17 06:40:00.000000,0.05784800,0.05786600,0.05767000,0.05779300,35.57800000
2017-10-17 06:41:00.000000,0.05767500,0.05767500,0.05763300,0.05767000,18.25800000
2017-10-17 06:42:00.000000,0.05767000,0.05767000,0.05767000,0.05767000,0.00000000
2017-10-17 06:43:00.000000,0.05768200,0.05785600,0.05768200,0.05785600,18.72700000
2017-10-17 06:44:00.000000,0.05771000,0.05786600,0.05769800,0.05786600,9.83900000
2017-10-17 06:45:00.000000,0.05780800,0.05785400,0.05779000,0.05785400,36.58200000
2017-10-17 06:46:00.000000,0.05779300,0.05786400,0.05779200,0.05785800,9.02300000
2017-10-17 06:47:00.000000,0.05779300,0.05802500,0.05779300,0.05802500,39.48800000
2017-10-17 06:48:00.000000,0.05790800,0.05799300,0.05788900,0.05788900,12.32600000
2017-10-17 06:49:00.000000,0.05798300,0.05798300,0.05789700,0.05793100,14.15000000
2017-10-17 06:50:00.000000,0.05795300,0.05795300,0.05791200,0.05791200,17.94500000
2017-10-17 06:51:00.000000,0.05794100,0.05799700,0.05750000,0.05799700,181.11100000
2017-10-17 06:52:00.000000,0.05788200,0.05788200,0.05776700,0.05778400,28.27600000
2017-10-17 06:53:00.000000,0.05778700,0.05815900,0.05776700,0.05815900,105.66000000
2017-10-17 06:54:00.000000,0.05813200,0.05813900,0.05781600,0.05813900,29.78600000
2017-10-17 06:55:00.000000,0.05781600,0.05815700,0.05781600,0.05813600,18.65000000
2017-10-17 06:56:00.000000,0.05812400,0.05812400,0.05781500,0.05798600,49.65100000
2017-10-17 06:57:00.000000,0.05790000,0.05800300,0.05781800,0.05783800,35.66500000
2017-10-17 06:58:00.000000,0.05800000,0.05800300,0.05781600,0.05781900,3.30400000
2017-10-17 06:59:00.000000,0.05799900,0.05799900,0.05776200,0.05776800,33.09600000
2017-10-17 07:00:00.000000,0.05770000,0.05782600,0.05766200,0.05766200,13.76400000
2017-10-17 07:01:00.000000,0.05780300,0.05780300,0.05762900,0.05779000,12.07200000
2017-10-17 07:02:00.000000,0.05779800,0.05779800,0.05779000,0.05779000,7.03700000
2017-10-17 07:03:00.000000,0.05766900,0.05766900,0.05765700,0.05765700,12.76400000
2017-10-17 07:04:00.000000,0.05765900,0.05765900,0.05764700,0.05764700,7.89000000
2017-10-17 07:05:00.000000,0.05762700,0.05769600,0.05759000,0.05769600,15.42300000
2017-10-17 07:06:00.000000,0.05768400,0.05770000,0.05751900,0.05768500,68.21000000
2017-10-17 07:07:00.000000,0.05770000,0.05770000,0.05759700,0.05770000,5.93400000
2017-10-17 07:08:00.000000,0.05770000,0.05782600,0.05770000,0.05773000,27.20700000
2017-10-17 07:09:00.000000,0.05773000,0.05788300,0.05759500,0.05759600,36.12300000
2017-10-17 07:10:00.000000,0.05768400,0.05788200,0.05768400,0.05786400,3.21300000
2017-10-17 07:11:00.000000,0.05786700,0.05795300,0.05778300,0.05780700,6.77300000
2017-10-17 07:12:00.000000,0.05795500,0.05817500,0.05774700,0.05774700,16.89100000
2017-10-17 07:13:00.000000,0.05788900,0.05799000,0.05784900,0.05784900,1.34600000
2017-10-17 07:14:00.000000,0.05781900,0.05797000,0.05780800,0.05795400,7.73000000
2017-10-17 07:15:00.000000,0.05790000,0.05796100,0.05769800,0.05769800,24.51800000
2017-10-17 07:16:00.000000,0.05796000,0.05798600,0.05783000,0.05798600,16.11000000
2017-10-17 07:17:00.000000,0.05784100,0.05785900,0.05783000,0.05783000,15.67300000
2017-10-17 07:18:00.000000,0.05783000,0.05784100,0.05783000,0.05784100,1.78300000
2017-10-17 07:19:00.000000,0.05783000,0.05793800,0.05783000,0.05783500,8.81500000
2017-10-17 07:20:00.000000,0.05783000,0.05794300,0.05783000,0.05792300,9.03000000
2017-10-17 07:21:00.000000,0.05793600,0.05793600,0.05784100,0.05784100,7.49600000
2017-10-17 07:22:00.000000,0.05792300,0.05793700,0.05783000,0.05783400,30.17400000
2017-10-17 07:23:00.000000,0.05792300,0.05792700,0.05783000,0.05783400,118.04200000
2017-10-17 07:24:00.000000,0.05783000,0.05783500,0.05783000,0.05783000,44.46400000
2017-10-17 07:25:00.000000,0.05783300,0.05783300,0.05770400,0.05770400,6.57700000
2017-10-17 07:26:00.000000,0.05783400,0.05783400,0.05770300,0.05770300,4.67600000
2017-10-17 07:27:00.000000,0.05772200,0.05785100,0.05772200,0.05785000,1.41100000
2017-10-17 07:28:00.000000,0.05779600,0.05787000,0.05770600,0.05770600,6.29900000
2017-10-17 07:29:00.000000,0.05771600,0.05771600,0.05770300,0.05771600,19.30300000
2017-10-17 07:30:00.000000,0.05770300,0.05771600,0.05766700,0.05771600,3.84500000
2017-10-17 07:31:00.000000,0.05776100,0.05778800,0.05776000,0.05777000,5.63500000
2017-10-17 07:32:00.000000,0.05786400,0.05786800,0.05786400,0.05786800,6.50400000
2017-10-17 07:33:00.000000,0.05786800,0.05786800,0.05752300,0.05752500,36.90600000
2017-10-17 07:34:00.000000,0.05752400,0.05775900,0.05743000,0.05775900,20.03900000
2017-10-17 07:35:00.000000,0.05786400,0.05786400,0.05744600,0.05767000,9.96900000
2017-10-17 07:36:00.000000,0.05768500,0.05768500,0.05747500,0.05750900,27.36500000
2017-10-17 07:37:00.000000,0.05751000,0.05768500,0.05750300,0.05753300,12.28800000
2017-10-17 07:38:00.000000,0.05757100,0.05786200,0.05749700,0.05769900,24.31000000
2017-10-17 07:39:00.000000,0.05752900,0.05784800,0.05746600,0.05746600,11.67800000
2017-10-17 07:40:00.000000,0.05763900,0.05786800,0.05744700,0.05768400,149.71800000
2017-10-17 07:41:00.000000,0.05768500,0.05772600,0.05747100,0.05750000,55.38100000
2017-10-17 07:42:00.000000,0.05750100,0.05764400,0.05750100,0.05764400,23.79300000
2017-10-17 07:43:00.000000,0.05784300,0.05784300,0.05747100,0.05747400,16.59100000
2017-10-17 07:44:00.000000,0.05769900,0.05776700,0.05741300,0.05771100,70.57400000
2017-10-17 07:45:00.000000,0.05770900,0.05770900,0.05751700,0.05761600,6.90500000
2017-10-17 07:46:00.000000,0.05763400,0.05763500,0.05751100,0.05752800,14.33000000
2017-10-17 07:47:00.000000,0.05755000,0.05776600,0.05749800,0.05773800,9.00700000
2017-10-17 07:48:00.000000,0.05749900,0.05773500,0.05740800,0.05759700,22.51700000
2017-10-17 07:49:00.000000,0.05759600,0.05779800,0.05725600,0.05735000,39.85900000
2017-10-17 07:50:00.000000,0.05736900,0.05777200,0.05735600,0.05736000,35.49900000
2017-10-17 07:51:00.000000,0.05739700,0.05776800,0.05725700,0.05775500,40.98100000
2017-10-17 07:52:00.000000,0.05775600,0.05775600,0.05732000,0.05772900,7.30300000
2017-10-17 07:53:00.000000,0.05773000,0.05773000,0.05734700,0.05735400,2.48900000
2017-10-17 07:54:00.000000,0.05771800,0.05780800,0.05771300,0.05775600,8.48800000
2017-10-17 07:55:00.000000,0.05775500,0.05775600,0.05750000,0.05757100,6.86300000
2017-10-17 07:56:00.000000,0.05772100,0.05772100,0.05752100,0.05768700,8.76000000
2017-10-17 07:57:00.000000,0.05757000,0.05772000,0.05755700,0.05755700,6.21300000
2017-10-17 07:58:00.000000,0.05756300,0.05772100,0.05756300,0.05771000,18.07700000
2017-10-17 07:59:00.000000,0.05771000,0.05780300,0.05771000,0.05780100,12.01200000
2017-10-17 08:00:00.000000,0.05772100,0.05780800,0.05770900,0.05774400,33.25300000
2017-10-17 08:01:00.000000,0.05774400,0.05784800,0.05774400,0.05775500,11.95100000
2017-10-17 08:02:00.000000,0.05780700,0.05798500,0.05780700,0.05797600,27.90600000
2017-10-17 08:03:00.000000,0.05800000,0.05800000,0.05783400,0.05799900,46.49100000
2017-10-17 08:04:00.000000,0.05785400,0.05800000,0.05785400,0.05787800,14.73200000
2017-10-17 08:05:00.000000,0.05789800,0.05806800,0.05788900,0.05806700,12.85900000
2017-10-17 08:06:00.000000,0.05791000,0.05826800,0.05791000,0.05810000,25.16500000
2017-10-17 08:07:00.000000,0.05810000,0.05811400,0.05801900,0.05801900,34.07800000
2017-10-17 08:08:00.000000,0.05809700,0.05824200,0.05805600,0.05805600,8.58200000
2017-10-17 08:09:00.000000,0.05804800,0.05850000,0.05796400,0.05801100,33.37400000
2017-10-17 08:10:00.000000,0.05798700,0.05800000,0.05783300,0.05800000,8.71100000
2017-10-17 08:11:00.000000,0.05784400,0.05813800,0.05784400,0.05813700,6.26100000
2017-10-17 08:12:00.000000,0.05812700,0.05835700,0.05787800,0.05792300,19.26500000
2017-10-17 08:13:00.000000,0.05792400,0.05827300,0.05784000,0.05787800,9.10300000
2017-10-17 08:14:00.000000,0.05784500,0.05821900,0.05782200,0.05783800,15.03600000
2017-10-17 08:15:00.000000,0.05782300,0.05784500,0.05782300,0.05784200,1.96200000
2017-10-17 08:16:00.000000,0.05819300,0.05828700,0.05792500,0.05828700,43.73400000
2017-10-17 08:17:00.000000,0.05820000,0.05820000,0.05806000,0.05806000,2.68400000
2017-10-17 08:18:00.000000,0.05829700,0.05835100,0.05809200,0.05835100,16.43000000
2017-10-17 08:19:00.000000,0.05827600,0.05827600,0.05806800,0.05806900,8.15900000
2017-10-17 08:20:00.000000,0.05825700,0.05827100,0.05825700,0.05827100,1.25800000
2017-10-17 08:21:00.000000,0.05826800,0.05826800,0.05805300,0.05805300,19.71200000
2017-10-17 08:22:00.000000,0.05827000,0.05827000,0.05827000,0.05827000,0.11600000
2017-10-17 08:23:00.000000,0.05825700,0.05826400,0.05800300,0.05800300,0.70000000
2017-10-17 08:24:00.000000,0.05793300,0.05793800,0.05793300,0.05793800,10.54400000
2017-10-17 08:25:00.000000,0.05800900,0.05821400,0.05800900,0.05821400,9.67400000
2017-10-17 08:26:00.000000,0.05801000,0.05820200,0.05800100,0.05801000,17.65900000
2017-10-17 08:27:00.000000,0.05805700,0.05817300,0.05798500,0.05802100,22.90400000
2017-10-17 08:28:00.000000,0.05819400,0.05819400,0.05801500,0.05801500,1.42300000
2017-10-17 08:29:00.000000,0.05801500,0.05815100,0.05800200,0.05815000,10.89200000
2017-10-17 08:30:00.000000,0.05815000,0.05817900,0.05812700,0.05815200,7.57600000
2017-10-17 08:31:00.000000,0.05815700,0.05815700,0.05804300,0.05805700,27.52800000
2017-10-17 08:32:00.000000,0.05804300,0.05811700,0.05795600,0.05796000,32.98300000
2017-10-17 08:33:00.000000,0.05807500,0.05807500,0.05794000,0.05806700,43.52800000
2017-10-17 08:34:00.000000,0.05794000,0.05806600,0.05790000,0.05794800,49.11700000
2017-10-17 08:35:00.000000,0.05802700,0.05802700,0.05791400,0.05792100,33.34400000
2017-10-17 08:36:00.000000,0.05804900,0.05815500,0.05791000,0.05793800,47.57300000
2017-10-17 08:37:00.000000,0.05794900,0.05815500,0.05794900,0.05815500,5.94300000
2017-10-17 08:38:00.000000,0.05797200,0.05815200,0.05797200,0.05815200,13.94400000
2017-10-17 08:39:00.000000,0.05815500,0.05815500,0.05805000,0.05806000,8.60000000
2017-10-17 08:40:00.000000,0.05807700,0.05815000,0.05806800,0.05815000,7.66000000
2017-10-17 08:41:00.000000,0.05814500,0.05815000,0.05814300,0.05815000,13.80400000
2017-10-17 08:42:00.000000,0.05815000,0.05815000,0.05806000,0.05815000,15.32100000
2017-10-17 08:43:00.000000,0.05814200,0.05815000,0.05806000,0.05814900,11.88900000
2017-10-17 08:44:00.000000,0.05815000,0.05818700,0.05814900,0.05818700,34.88100000
2017-10-17 08:45:00.000000,0.05818700,0.05818700,0.05815000,0.05816200,7.47800000
2017-10-17 08:46:00.000000,0.05815000,0.05817800,0.05815000,0.05817800,10.77400000
2017-10-17 08:47:00.000000,0.05817200,0.05818700,0.05816700,0.05818600,28.93000000
2017-10-17 08:48:00.000000,0.05816800,0.05830000,0.05815200,0.05815500,34.61500000
2017-10-17 08:49:00.000000,0.05817100,0.05821400,0.05815000,0.05821400,28.45600000
2017-10-17 08:50:00.000000,0.05815500,0.05820800,0.05815000,0.05815000,5.87800000
2017-10-17 08:51:00.000000,0.05821400,0.05821400,0.05815000,0.05815000,4.12700000
2017-10-17 08:52:00.000000,0.05815000,0.05815000,0.05806000,0.05806000,19.09900000
2017-10-17 08:53:00.000000,0.05798200,0.05806000,0.05790900,0.05804600,1.36100000
2017-10-17 08:54:00.000000,0.05792200,0.05805800,0.05791200,0.05791200,5.70500000
2017-10-17 08:55:00.000000,0.05792800,0.05801600,0.05790800,0.05791700,1.72400000
2017-10-17 08:56:00.000000,0.05790800,0.05806000,0.05781700,0.05805300,2.18500000
2017-10-17 08:57:00.000000,0.05804900,0.05804900,0.05804900,0.05804900,0.24400000
2017-10-17 08:58:00.000000,0.05806000,0.05806000,0.05783400,0.05806000,2.23300000
2017-10-17 08:59:00.000000,0.05806000,0.05807400,0.05805600,0.05805700,3.37900000
2017-10-17 09:00:00.000000,0.05806100,0.05821000,0.05805900,0.05821000,5.01300000
2017-10-17 09:01:00.000000,0.05807800,0.05807800,0.05805500,0.05807200,5.53400000
2017-10-17 09:02:00.000000,0.05789400,0.05806900,0.05789400,0.05789800,3.06700000
2017-10-17 09:03:00.000000,0.05804300,0.05807500,0.05790400,0.05807500,1.63400000
2017-10-17 09:04:00.000000,0.05796600,0.05807500,0.05795000,0.05796600,16.89200000
2017-10-17 09:05:00.000000,0.05807500,0.05807500,0.05795000,0.05795800,2.37600000
2017-10-17 09:06:00.000000,0.05795000,0.05796900,0.05795000,0.05795400,23.21600000
2017-10-17 09:07:00.000000,0.05807500,0.05807500,0.05795000,0.05795000,75.84200000
2017-10-17 09:08:00.000000,0.05795200,0.05806300,0.05789700,0.05804800,6.56800000
2017-10-17 09:09:00.000000,0.05803700,0.05803700,0.05780900,0.05800900,61.89200000
2017-10-17 09:10:00.000000,0.05783600,0.05786000,0.05783600,0.05786000,1.08900000
2017-10-17 09:11:00.000000,0.05787700,0.05807100,0.05787700,0.05806900,12.78300000
2017-10-17 09:12:00.000000,0.05791200,0.05811600,0.05791200,0.05811600,45.97800000
2017-10-17 09:13:00.000000,0.05793600,0.05821500,0.05793600,0.05821500,1.73500000
2017-10-17 09:14:00.000000,0.05821500,0.05821500,0.05800100,0.05800100,1.82500000
2017-10-17 09:15:00.000000,0.05820200,0.05820200,0.05800200,0.05800200,5.52300000
2017-10-17 09:16:00.000000,0.05802700,0.05805700,0.05801600,0.05805700,7.59400000
2017-10-17 09:17:00.000000,0.05801900,0.05819700,0.05800000,0.05819700,2.53900000
2017-10-17 09:18:00.000000,0.05797400,0.05805000,0.05796900,0.05802200,8.01500000
2017-10-17 09:19:00.000000,0.05818400,0.05818400,0.05795800,0.05801300,3.47900000
2017-10-17 09:20:00.000000,0.05812800,0.05815500,0.05800000,0.05815500,16.54500000
2017-10-17 09:21:00.000000,0.05816000,0.05817300,0.05815500,0.05815600,4.39100000
2017-10-17 09:22:00.000000,0.05817300,0.05817300,0.05813300,0.05813800,7.54700000
2017-10-17 09:23:00.000000,0.05813300,0.05814200,0.05813300,0.05814200,3.85000000
2017-10-17 09:24:00.000000,0.05814200,0.05814200,0.05814200,0.05814200,2.53600000
2017-10-17 09:25:00.000000,0.05815000,0.05816400,0.05813300,0.05816400,5.57200000
2017-10-17 09:26:00.000000,0.05816400,0.05816400,0.05816000,0.05816100,0.65800000
2017-10-17 09:27:00.000000,0.05816400,0.05817300,0.05814100,0.05814300,8.10800000
2017-10-17 09:28:00.000000,0.05814300,0.05819700,0.05813500,0.05819700,7.29500000
2017-10-17 09:29:00.000000,0.05819700,0.05820000,0.05819700,0.05819700,11.35900000
2017-10-17 09:30:00.000000,0.05819700,0.05820000,0.05813300,0.05818900,9.85900000
2017-10-17 09:31:00.000000,0.05815000,0.05819000,0.05815000,0.05819000,1.01700000
2017-10-17 09:32:00.000000,0.05815300,0.05819800,0.05813300,0.05814400,10.55800000
2017-10-17 09:33:00.000000,0.05814900,0.05815400,0.05813900,0.05814000,0.79000000
2017-10-17 09:34:00.000000,0.05817900,0.05820100,0.05813500,0.05819600,6.84400000
2017-10-17 09:35:00.000000,0.05819300,0.05821500,0.05801500,0.05821500,15.06600000
2017-10-17 09:36:00.000000,0.05819000,0.05819000,0.05805100,0.05819000,1.34100000
2017-10-17 09:37:00.000000,0.05819000,0.05821500,0.05803800,0.05817900,11.72700000
2017-10-17 09:38:00.000000,0.05818000,0.05818100,0.05804700,0.05804700,19.99400000
2017-10-17 09:39:00.000000,0.05816500,0.05818100,0.05806600,0.05806600,8.87500000
2017-10-17 09:40:00.000000,0.05818100,0.05823900,0.05814800,0.05816100,27.30000000
2017-10-17 09:41:00.000000,0.05816000,0.05816000,0.05802600,0.05815900,3.20700000
2017-10-17 09:42:00.000000,0.05804500,0.05816000,0.05803500,0.05816000,16.59500000
2017-10-17 09:43:00.000000,0.05811200,0.05816000,0.05810300,0.05810300,3.72900000
2017-10-17 09:44:00.000000,0.05810600,0.05815700,0.05810000,0.05815700,2.06400000
2017-10-17 09:45:00.000000,0.05814300,0.05816000,0.05810000,0.05816000,8.27700000
2017-10-17 09:46:00.000000,0.05810000,0.05815800,0.05810000,0.05815500,3.60100000
2017-10-17 09:47:00.000000,0.05816000,0.05825000,0.05810000,0.05810000,18.53800000
2017-10-17 09:48:00.000000,0.05810000,0.05810300,0.05810000,0.05810000,14.65800000
2017-10-17 09:49:00.000000,0.05810000,0.05810300,0.05805400,0.05810000,7.39000000
2017-10-17 09:50:00.000000,0.05809300,0.05809700,0.05808900,0.05809700,40.20200000
2017-10-17 09:51:00.000000,0.05810300,0.05810300,0.05808300,0.05808600,28.29700000
2017-10-17 09:52:00.000000,0.05802000,0.05810300,0.05791600,0.05808400,19.68000000
2017-10-17 09:53:00.000000,0.05810300,0.05810300,0.05791100,0.05809500,7.24400000
2017-10-17 09:54:00.000000,0.05809100,0.05810300,0.05809000,0.05810100,22.88200000
2017-10-17 09:55:00.000000,0.05810300,0.05810300,0.05809300,0.05809300,23.31700000
2017-10-17 09:56:00.000000,0.05810700,0.05810900,0.05809100,0.05809800,13.14300000
2017-10-17 09:57:00.000000,0.05809100,0.05814200,0.05809100,0.05809100,9.16100000
2017-10-17 09:58:00.000000,0.05803300,0.05823700,0.05803100,0.05813800,31.04100000
2017-10-17 09:59:00.000000,0.05800700,0.05814100,0.05800700,0.05814100,11.67000000
2017-10-17 10:00:00.000000,0.05803200,0.05814200,0.05796800,0.05796800,14.89900000
2017-10-17 10:01:00.000000,0.05810900,0.05814200,0.05796800,0.05796800,8.66200000
2017-10-17 10:02:00.000000,0.05812600,0.05814200,0.05798800,0.05798800,8.09000000
2017-10-17 10:03:00.000000,0.05801300,0.05810800,0.05801300,0.05801300,6.28200000
2017-10-17 10:04:00.000000,0.05799600,0.05803400,0.05799600,0.05803200,0.73300000
2017-10-17 10:05:00.000000,0.05807600,0.05807600,0.05799600,0.05799600,1.64600000
2017-10-17 10:06:00.000000,0.05810700,0.05816600,0.05793900,0.05811500,3.46500000
2017-10-17 10:07:00.000000,0.05811500,0.05811500,0.05807100,0.05807100,3.07100000
2017-10-17 10:08:00.000000,0.05806500,0.05807100,0.05806500,0.05806500,3.27300000
2017-10-17 10:09:00.000000,0.05807200,0.05821000,0.05807200,0.05821000,6.47400000
2017-10-17 10:10:00.000000,0.05808500,0.05808500,0.05797300,0.05797900,3.98500000
2017-10-17 10:11:00.000000,0.05808500,0.05808500,0.05800000,0.05800000,1.72400000
2017-10-17 10:12:00.000000,0.05798100,0.05800000,0.05798100,0.05798200,1.50600000
2017-10-17 10:13:00.000000,0.05799100,0.05829000,0.05791400,0.05829000,77.13300000
2017-10-17 10:14:00.000000,0.05810200,0.05810200,0.05810200,0.05810200,3.98800000
2017-10-17 10:15:00.000000,0.05827600,0.05827600,0.05827600,0.05827600,0.63400000
2017-10-17 10:16:00.000000,0.05789100,0.05826900,0.05789100,0.05826900,0.05400000
2017-10-17 10:17:00.000000,0.05827000,0.05828300,0.05791400,0.05828300,19.78300000
2017-10-17 10:18:00.000000,0.05792000,0.05829000,0.05792000,0.05828900,20.55800000
2017-10-17 10:19:00.000000,0.05829000,0.05830000,0.05797700,0.05799500,10.63000000
2017-10-17 10:20:00.000000,0.05799700,0.05802500,0.05792200,0.05792700,31.02800000
2017-10-17 10:21:00.000000,0.05794000,0.05816200,0.05793500,0.05816200,9.69700000
2017-10-17 10:22:00.000000,0.05821000,0.05821000,0.05793300,0.05793300,8.55100000
2017-10-17 10:23:00.000000,0.05793800,0.05793800,0.05793000,0.05793000,4.37700000
2017-10-17 10:24:00.000000,0.05795600,0.05795600,0.05795600,0.05795600,0.78600000
2017-10-17 10:25:00.000000,0.05795300,0.05816300,0.05795300,0.05816300,1.18700000
2017-10-17 10:26:00.000000,0.05814800,0.05814800,0.05811900,0.05811900,6.08500000
2017-10-17 10:27:00.000000,0.05811800,0.05811800,0.05807000,0.05807000,0.14600000
2017-10-17 10:28:00.000000,0.05794900,0.05794900,0.05794900,0.05794900,0.85400000
2017-10-17 10:29:00.000000,0.05808700,0.05808700,0.05808700,0.05808700,0.33200000
2017-10-17 10:30:00.000000,0.05810700,0.05810700,0.05795400,0.05797100,12.69500000
2017-10-17 10:31:00.000000,0.05792900,0.05809900,0.05792900,0.05798900,3.42100000
2017-10-17 10:32:00.000000,0.05800000,0.05808200,0.05792500,0.05795900,14.72200000
2017-10-17 10:33:00.000000,0.05796000,0.05796000,0.05795500,0.05795900,8.41400000
2017-10-17 10:34:00.000000,0.05795800,0.05806500,0.05794000,0.05794000,17.46700000
2017-10-17 10:35:00.000000,0.05794000,0.05800000,0.05789700,0.05790000,29.35600000
2017-10-17 10:36:00.000000,0.05789400,0.05790000,0.05787100,0.05789500,32.51900000
2017-10-17 10:37:00.000000,0.05786200,0.05787000,0.05786200,0.05787000,1.59900000
2017-10-17 10:38:00.000000,0.05786300,0.05789200,0.05785300,0.05785300,4.56600000
2017-10-17 10:39:00.000000,0.05789500,0.05789500,0.05781800,0.05788500,28.82800000
2017-10-17 10:40:00.000000,0.05781700,0.05787700,0.05781700,0.05787700,17.43800000
2017-10-17 10:41:00.000000,0.05788200,0.05788200,0.05778800,0.05779100,9.60600000
2017-10-17 10:42:00.000000,0.05779000,0.05787500,0.05779000,0.05784100,0.99900000
2017-10-17 10:43:00.000000,0.05789400,0.05800700,0.05787800,0.05800700,9.04100000
2017-10-17 10:44:00.000000,0.05787600,0.05799000,0.05787600,0.05797800,20.07900000
2017-10-17 10:45:00.000000,0.05788800,0.05798200,0.05788000,0.05788000,0.45000000
2017-10-17 10:46:00.000000,0.05787800,0.05788800,0.05787800,0.05788800,4.21900000
2017-10-17 10:47:00.000000,0.05788000,0.05799300,0.05780700,0.05780700,16.31800000
2017-10-17 10:48:00.000000,0.05793000,0.05795900,0.05779600,0.05794300,7.37600000
2017-10-17 10:49:00.000000,0.05780100,0.05791800,0.05780100,0.05791800,0.49500000
2017-10-17 10:50:00.000000,0.05782000,0.05782000,0.05782000,0.05782000,0.64100000
2017-10-17 10:51:00.000000,0.05781300,0.05783000,0.05781000,0.05783000,21.61200000
2017-10-17 10:52:00.000000,0.05786900,0.05786900,0.05784900,0.05784900,7.63000000
2017-10-17 10:53:00.000000,0.05784900,0.05791800,0.05784700,0.05791800,34.01100000
2017-10-17 10:54:00.000000,0.05791800,0.05801400,0.05786700,0.05799400,166.62200000
2017-10-17 10:55:00.000000,0.05799400,0.05800900,0.05799400,0.05799400,8.18800000
2017-10-17 10:56:00.000000,0.05780200,0.05794300,0.05778800,0.05792100,15.74100000
2017-10-17 10:57:00.000000,0.05792100,0.05798300,0.05792100,0.05798300,41.13700000
2017-10-17 10:58:00.000000,0.05796200,0.05796200,0.05792100,0.05792500,9.22500000
2017-10-17 10:59:00.000000,0.05792300,0.05792500,0.05792100,0.05792100,3.21500000
2017-10-17 11:00:00.000000,0.05797000,0.05798400,0.05792100,0.05792100,10.89300000
2017-10-17 11:01:00.000000,0.05780800,0.05796200,0.05778000,0.05786500,41.93400000
2017-10-17 11:02:00.000000,0.05793800,0.05793800,0.05790000,0.05792900,5.69300000
2017-10-17 11:03:00.000000,0.05791400,0.05791800,0.05775600,0.05787700,26.35000000
2017-10-17 11:04:00.000000,0.05777500,0.05777500,0.05774900,0.05775100,3.39300000
2017-10-17 11:05:00.000000,0.05794500,0.05794500,0.05792100,0.05793700,3.71100000
2017-10-17 11:06:00.000000,0.05789800,0.05789800,0.05775900,0.05787700,5.45000000
2017-10-17 11:07:00.000000,0.05787000,0.05797100,0.05775800,0.05797100,10.44100000
2017-10-17 11:08:00.000000,0.05794900,0.05798400,0.05779300,0.05786900,57.16500000
2017-10-17 11:09:00.000000,0.05796500,0.05802800,0.05793700,0.05793700,7.28400000
2017-10-17 11:10:00.000000,0.05801000,0.05801900,0.05780100,0.05798900,33.43000000
2017-10-17 11:11:00.000000,0.05780600,0.05782500,0.05780600,0.05782500,5.03100000
2017-10-17 11:12:00.000000,0.05783400,0.05798300,0.05778300,0.05780300,17.85500000
2017-10-17 11:13:00.000000,0.05793200,0.05793200,0.05792700,0.05792700,3.00300000
2017-10-17 11:14:00.000000,0.05790100,0.05795300,0.05790100,0.05795300,24.58300000
2017-10-17 11:15:00.000000,0.05798300,0.05798300,0.05797100,0.05797600,12.59200000
2017-10-17 11:16:00.000000,0.05780200,0.05797700,0.05780200,0.05796200,7.85800000
2017-10-17 11:17:00.000000,0.05796600,0.05797300,0.05796600,0.05797300,28.58300000
2017-10-17 11:18:00.000000,0.05797200,0.05797400,0.05780500,0.05782300,49.03000000
2017-10-17 11:19:00.000000,0.05782300,0.05797300,0.05782300,0.05795700,13.54900000
2017-10-17 11:20:00.000000,0.05795500,0.05795500,0.05771100,0.05787500,21.27500000
2017-10-17 11:21:00.000000,0.05785500,0.05786500,0.05770200,0.05786500,8.40900000
2017-10-17 11:22:00.000000,0.05784400,0.05784400,0.05782400,0.05783800,3.85700000
2017-10-17 11:23:00.000000,0.05783800,0.05783800,0.05761600,0.05778600,13.24200000
2017-10-17 11:24:00.000000,0.05761700,0.05773600,0.05761700,0.05771500,9.65400000
2017-10-17 11:25:00.000000,0.05773600,0.05774000,0.05759900,0.05774000,42.24800000
2017-10-17 11:26:00.000000,0.05767600,0.05772700,0.05760300,0.05761400,28.16800000
2017-10-17 11:27:00.000000,0.05760300,0.05776400,0.05760300,0.05761000,34.19600000
2017-10-17 11:28:00.000000,0.05761000,0.05766100,0.05749500,0.05749500,29.41900000
2017-10-17 11:29:00.000000,0.05756200,0.05775800,0.05756200,0.05775500,30.22400000
2017-10-17 11:30:00.000000,0.05773000,0.05773700,0.05756400,0.05758700,26.13300000
2017-10-17 11:31:00.000000,0.05777900,0.05779100,0.05758900,0.05760200,21.34200000
2017-10-17 11:32:00.000000,0.05779100,0.05783700,0.05760600,0.05765600,23.76800000
2017-10-17 11:33:00.000000,0.05768200,0.05782900,0.05758800,0.05758900,20.67200000
2017-10-17 11:34:00.000000,0.05759500,0.05783600,0.05759500,0.05783500,64.44300000
2017-10-17 11:35:00.000000,0.05783500,0.05801900,0.05770200,0.05800900,120.60400000
2017-10-17 11:36:00.000000,0.05800800,0.05803600,0.05781000,0.05803600,17.62800000
2017-10-17 11:37:00.000000,0.05803600,0.05807600,0.05792400,0.05794100,28.59600000
2017-10-17 11:38:00.000000,0.05794100,0.05794100,0.05787200,0.05788600,14.59200000
2017-10-17 11:39:00.000000,0.05789700,0.05798300,0.05789700,0.05798300,15.72100000
2017-10-17 11:40:00.000000,0.05797000,0.05813300,0.05796200,0.05813100,33.01500000
2017-10-17 11:41:00.000000,0.05813200,0.05820100,0.05800600,0.05819800,21.94300000
2017-10-17 11:42:00.000000,0.05819700,0.05820100,0.05819400,0.05819500,21.09800000
2017-10-17 11:43:00.000000,0.05801300,0.05818400,0.05801300,0.05818400,20.46700000
2017-10-17 11:44:00.000000,0.05815000,0.05818300,0.05800900,0.05818300,10.80700000
2017-10-17 11:45:00.000000,0.05818000,0.05818000,0.05799000,0.05817700,22.16700000
2017-10-17 11:46:00.000000,0.05815100,0.05816500,0.05799000,0.05801300,17.12200000
2017-10-17 11:47:00.000000,0.05817900,0.05817900,0.05774300,0.05800000,24.32700000
2017-10-17 11:48:00.000000,0.05800100,0.05800100,0.05777500,0.05800000,1.01500000
2017-10-17 11:49:00.000000,0.05817900,0.05817900,0.05780000,0.05780200,2.66000000
2017-10-17 11:50:00.000000,0.05781000,0.05813200,0.05781000,0.05813200,0.50300000
2017-10-17 11:51:00.000000,0.05781000,0.05782600,0.05781000,0.05782600,0.75700000
2017-10-17 11:52:00.000000,0.05782600,0.05784300,0.05782600,0.05784300,3.38200000
2017-10-17 11:53:00.000000,0.05785600,0.05817400,0.05785600,0.05786000,4.87800000
2017-10-17 11:54:00.000000,0.05789700,0.05813300,0.05789700,0.05811600,8.36000000
2017-10-17 11:55:00.000000,0.05793000,0.05809300,0.05775700,0.05775700,34.46000000
2017-10-17 11:56:00.000000,0.05806800,0.05806800,0.05759400,0.05803800,3.70000000
2017-10-17 11:57:00.000000,0.05798500,0.05798500,0.05763200,0.05763200,14.47300000
2017-10-17 11:58:00.000000,0.05789700,0.05789700,0.05787300,0.05787300,3.20100000
2017-10-17 11:59:00.000000,0.05784900,0.05784900,0.05766600,0.05784600,3.05700000
2017-10-17 12:00:00.000000,0.05784500,0.05793300,0.05766700,0.05790600,12.79700000
2017-10-17 12:01:00.000000,0.05771100,0.05787300,0.05771100,0.05787300,1.00100000
2017-10-17 12:02:00.000000,0.05788900,0.05788900,0.05769500,0.05770000,12.18600000
2017-10-17 12:03:00.000000,0.05786000,0.05789100,0.05771600,0.05787100,3.79900000
2017-10-17 12:04:00.000000,0.05772000,0.05794900,0.05772000,0.05794900,27.42800000
2017-10-17 12:05:00.000000,0.05787100,0.05818100,0.05787100,0.05818100,49.88300000
2017-10-17 12:06:00.000000,0.05792100,0.05813800,0.05792100,0.05813800,25.27600000
2017-10-17 12:07:00.000000,0.05811400,0.05813000,0.05792500,0.05803700,52.71400000
2017-10-17 12:08:00.000000,0.05811000,0.05811200,0.05795000,0.05811200,27.14000000
2017-10-17 12:09:00.000000,0.05801200,0.05807300,0.05795000,0.05795000,16.84300000
2017-10-17 12:10:00.000000,0.05804300,0.05810400,0.05792000,0.05806500,58.47100000
2017-10-17 12:11:00.000000,0.05806500,0.05806500,0.05768700,0.05802300,130.83300000
2017-10-17 12:12:00.000000,0.05802000,0.05805100,0.05775500,0.05784100,99.26300000
2017-10-17 12:13:00.000000,0.05784100,0.05806500,0.05770300,0.05805200,56.70400000
2017-10-17 12:14:00.000000,0.05806500,0.05817800,0.05763700,0.05817800,16.55800000
2017-10-17 12:15:00.000000,0.05818200,0.05829900,0.05769400,0.05770000,33.61500000
2017-10-17 12:16:00.000000,0.05828000,0.05828000,0.05772100,0.05780400,16.29400000
2017-10-17 12:17:00.000000,0.05780300,0.05780400,0.05780000,0.05780000,24.73200000
2017-10-17 12:18:00.000000,0.05770000,0.05824800,0.05770000,0.05822700,13.27700000
2017-10-17 12:19:00.000000,0.05820900,0.05820900,0.05785000,0.05785000,6.03600000
2017-10-17 12:20:00.000000,0.05818800,0.05829900,0.05787400,0.05818900,25.60000000
2017-10-17 12:21:00.000000,0.05818000,0.05827600,0.05790800,0.05827600,8.27600000
2017-10-17 12:22:00.000000,0.05793000,0.05826800,0.05793000,0.05793900,2.80400000
2017-10-17 12:23:00.000000,0.05800000,0.05827200,0.05800000,0.05806500,18.29000000
2017-10-17 12:24:00.000000,0.05824200,0.05826600,0.05800500,0.05800500,6.85700000
2017-10-17 12:25:00.000000,0.05826300,0.05828900,0.05804700,0.05805800,13.15300000
2017-10-17 12:26:00.000000,0.05808900,0.05826900,0.05805800,0.05817700,21.86300000
2017-10-17 12:27:00.000000,0.05816000,0.05817000,0.05803000,0.05817000,10.07300000
2017-10-17 12:28:00.000000,0.05816100,0.05816100,0.05803700,0.05803700,1.78200000
2017-10-17 12:29:00.000000,0.05803000,0.05816800,0.05786900,0.05815700,7.43700000
2017-10-17 12:30:00.000000,0.05815000,0.05815000,0.05786000,0.05812800,28.96000000
2017-10-17 12:31:00.000000,0.05812800,0.05816100,0.05787500,0.05809900,30.21700000
2017-10-17 12:32:00.000000,0.05789400,0.05807900,0.05786000,0.05786900,37.39800000
2017-10-17 12:33:00.000000,0.05786800,0.05804400,0.05786000,0.05786000,9.20800000
2017-10-17 12:34:00.000000,0.05795300,0.05803100,0.05785000,0.05800500,17.81400000
2017-10-17 12:35:00.000000,0.05799900,0.05801400,0.05786700,0.05786700,10.10500000
2017-10-17 12:36:00.000000,0.05817200,0.05817200,0.05792800,0.05794000,11.64700000
2017-10-17 12:37:00.000000,0.05786400,0.05786400,0.05786400,0.05786400,5.12200000
2017-10-17 12:38:00.000000,0.05787100,0.05817700,0.05787100,0.05816300,41.76200000
2017-10-17 12:39:00.000000,0.05805600,0.05817700,0.05798600,0.05803600,13.01600000
2017-10-17 12:40:00.000000,0.05799100,0.05817300,0.05797700,0.05817300,5.22000000
2017-10-17 12:41:00.000000,0.05802800,0.05814700,0.05802800,0.05814600,10.30900000
2017-10-17 12:42:00.000000,0.05811900,0.05817300,0.05786300,0.05786300,3.20600000
2017-10-17 12:43:00.000000,0.05787300,0.05811700,0.05770000,0.05810200,49.84200000
2017-10-17 12:44:00.000000,0.05780300,0.05809500,0.05780300,0.05782100,11.21800000
2017-10-17 12:45:00.000000,0.05785100,0.05814200,0.05778400,0.05778400,45.01200000
2017-10-17 12:46:00.000000,0.05801900,0.05814200,0.05745500,0.05812300,61.00900000
2017-10-17 12:47:00.000000,0.05812800,0.05812800,0.05812800,0.05812800,4.20500000
2017-10-17 12:48:00.000000,0.05754000,0.05811100,0.05754000,0.05811100,13.98500000
2017-10-17 12:49:00.000000,0.05758500,0.05813100,0.05758500,0.05813100,21.14200000
2017-10-17 12:50:00.000000,0.05759500,0.05759500,0.05759500,0.05759500,0.80000000
2017-10-17 12:51:00.000000,0.05810000,0.05810000,0.05764000,0.05764200,11.40300000
2017-10-17 12:52:00.000000,0.05806100,0.05806100,0.05764800,0.05766000,6.01000000
2017-10-17 12:53:00.000000,0.05766800,0.05766800,0.05764500,0.05764500,16.75000000
2017-10-17 12:54:00.000000,0.05750900,0.05750900,0.05745900,0.05745900,17.66400000
2017-10-17 12:55:00.000000,0.05793900,0.05793900,0.05750200,0.05750200,6.05900000
2017-10-17 12:56:00.000000,0.05745400,0.05789300,0.05737500,0.05758800,7.12300000
2017-10-17 12:57:00.000000,0.05756800,0.05788800,0.05755200,0.05782000,11.64000000
2017-10-17 12:58:00.000000,0.05785400,0.05786800,0.05783900,0.05786800,14.65100000
2017-10-17 12:59:00.000000,0.05760300,0.05800200,0.05760300,0.05800200,42.28600000
2017-10-17 13:00:00.000000,0.05799000,0.05800100,0.05770500,0.05771400,30.46100000
2017-10-17 13:01:00.000000,0.05797600,0.05797600,0.05771600,0.05771600,8.14800000
2017-10-17 13:02:00.000000,0.05767000,0.05767000,0.05764600,0.05764600,3.82600000
2017-10-17 13:03:00.000000,0.05790300,0.05790400,0.05761200,0.05762800,5.47500000
2017-10-17 13:04:00.000000,0.05785300,0.05785300,0.05785300,0.05785300,7.60600000
2017-10-17 13:05:00.000000,0.05764400,0.05765300,0.05762600,0.05765300,4.74800000
2017-10-17 13:06:00.000000,0.05765500,0.05765500,0.05765000,0.05765000,5.17900000
2017-10-17 13:07:00.000000,0.05785200,0.05793300,0.05765000,0.05783600,7.86500000
2017-10-17 13:08:00.000000,0.05779900,0.05779900,0.05768200,0.05776200,6.87200000
2017-10-17 13:09:00.000000,0.05776100,0.05785000,0.05770100,0.05784400,22.35400000
2017-10-17 13:10:00.000000,0.05782600,0.05784200,0.05770400,0.05782500,33.29700000
2017-10-17 13:11:00.000000,0.05782200,0.05798900,0.05757200,0.05798900,72.55700000
2017-10-17 13:12:00.000000,0.05798800,0.05800900,0.05772700,0.05773400,14.74700000
2017-10-17 13:13:00.000000,0.05776100,0.05802400,0.05776100,0.05779500,37.64500000
2017-10-17 13:14:00.000000,0.05782000,0.05797400,0.05779900,0.05797400,33.64800000
2017-10-17 13:15:00.000000,0.05781300,0.05797400,0.05776600,0.05779500,23.85100000
2017-10-17 13:16:00.000000,0.05775500,0.05780400,0.05758700,0.05758700,56.82400000
2017-10-17 13:17:00.000000,0.05786800,0.05786800,0.05763300,0.05784600,4.56400000
2017-10-17 13:18:00.000000,0.05778500,0.05786300,0.05764400,0.05780000,7.24700000
2017-10-17 13:19:00.000000,0.05786500,0.05786500,0.05766000,0.05768100,23.42500000
2017-10-17 13:20:00.000000,0.05784500,0.05787000,0.05769800,0.05787000,9.60800000
2017-10-17 13:21:00.000000,0.05769300,0.05791700,0.05769300,0.05769400,12.63800000
2017-10-17 13:22:00.000000,0.05771200,0.05771200,0.05770700,0.05770700,0.15700000
2017-10-17 13:23:00.000000,0.05786900,0.05786900,0.05786900,0.05786900,0.41700000
2017-10-17 13:24:00.000000,0.05773500,0.05786700,0.05769400,0.05769400,7.30100000
2017-10-17 13:25:00.000000,0.05758600,0.05777200,0.05755100,0.05777200,25.35300000
2017-10-17 13:26:00.000000,0.05755100,0.05778100,0.05748000,0.05748000,11.97600000
2017-10-17 13:27:00.000000,0.05750500,0.05799300,0.05745000,0.05745800,18.25100000
2017-10-17 13:28:00.000000,0.05745800,0.05797700,0.05745000,0.05746600,4.27500000
2017-10-17 13:29:00.000000,0.05747200,0.05747200,0.05746100,0.05746100,2.48100000
2017-10-17 13:30:00.000000,0.05748300,0.05790500,0.05748300,0.05750200,5.03300000
2017-10-17 13:31:00.000000,0.05758100,0.05765900,0.05737800,0.05765900,24.26400000
2017-10-17 13:32:00.000000,0.05765600,0.05765700,0.05760000,0.05760000,3.91200000
2017-10-17 13:33:00.000000,0.05759300,0.05765000,0.05751700,0.05762000,18.48200000
2017-10-17 13:34:00.000000,0.05760200,0.05775000,0.05745300,0.05775000,12.13800000
2017-10-17 13:35:00.000000,0.05751300,0.05769800,0.05750200,0.05750200,11.74900000
2017-10-17 13:36:00.000000,0.05751200,0.05771400,0.05751000,0.05760200,11.33600000
2017-10-17 13:37:00.000000,0.05761100,0.05773000,0.05761100,0.05767100,13.38100000
2017-10-17 13:38:00.000000,0.05766900,0.05775000,0.05740300,0.05775000,36.55300000
2017-10-17 13:39:00.000000,0.05775000,0.05775000,0.05757300,0.05775000,23.18200000
2017-10-17 13:40:00.000000,0.05755000,0.05775000,0.05737600,0.05774900,24.09000000
2017-10-17 13:41:00.000000,0.05774800,0.05778100,0.05737500,0.05741100,45.53600000
2017-10-17 13:42:00.000000,0.05773400,0.05774300,0.05755600,0.05757100,13.64000000
2017-10-17 13:43:00.000000,0.05772900,0.05772900,0.05771400,0.05771800,15.17900000
2017-10-17 13:44:00.000000,0.05759200,0.05778100,0.05759200,0.05776400,13.03800000
2017-10-17 13:45:00.000000,0.05775800,0.05788600,0.05770000,0.05770200,10.29000000
2017-10-17 13:46:00.000000,0.05771500,0.05775800,0.05770200,0.05771600,46.81000000
2017-10-17 13:47:00.000000,0.05772300,0.05772300,0.05770500,0.05770500,4.55900000
2017-10-17 13:48:00.000000,0.05772100,0.05775700,0.05760900,0.05760900,15.27600000
2017-10-17 13:49:00.000000,0.05775800,0.05783900,0.05768000,0.05783900,2.74500000
2017-10-17 13:50:00.000000,0.05782900,0.05783200,0.05750800,0.05750800,19.71000000
2017-10-17 13:51:00.000000,0.05751400,0.05781800,0.05740800,0.05781100,29.87400000
2017-10-17 13:52:00.000000,0.05750600,0.05773600,0.05750500,0.05773600,22.97300000
2017-10-17 13:53:00.000000,0.05772700,0.05773400,0.05769400,0.05770600,2.69900000
2017-10-17 13:54:00.000000,0.05761200,0.05777300,0.05755700,0.05777300,7.29600000
2017-10-17 13:55:00.000000,0.05772600,0.05782100,0.05756100,0.05782100,27.95100000
2017-10-17 13:56:00.000000,0.05781200,0.05784200,0.05781200,0.05781400,8.97600000
2017-10-17 13:57:00.000000,0.05782500,0.05782500,0.05766600,0.05779900,6.57300000
2017-10-17 13:58:00.000000,0.05779700,0.05783000,0.05763800,0.05778800,16.10200000
2017-10-17 13:59:00.000000,0.05777900,0.05777900,0.05753000,0.05762000,20.76800000
2017-10-17 14:00:00.000000,0.05762000,0.05777700,0.05762000,0.05777700,0.46600000
2017-10-17 14:01:00.000000,0.05744500,0.05777000,0.05744500,0.05777000,2.85300000
2017-10-17 14:02:00.000000,0.05774200,0.05774200,0.05774200,0.05774200,0.88200000
2017-10-17 14:03:00.000000,0.05774200,0.05775900,0.05740800,0.05774200,15.64500000
2017-10-17 14:04:00.000000,0.05766900,0.05766900,0.05765000,0.05765000,7.30600000
2017-10-17 14:05:00.000000,0.05764700,0.05773600,0.05764700,0.05773600,1.79100000
2017-10-17 14:06:00.000000,0.05773400,0.05779000,0.05754300,0.05778900,27.99300000
2017-10-17 14:07:00.000000,0.05779000,0.05780500,0.05745300,0.05746800,18.90600000
2017-10-17 14:08:00.000000,0.05747200,0.05774200,0.05747200,0.05763200,33.28800000
2017-10-17 14:09:00.000000,0.05750700,0.05763200,0.05750700,0.05762700,43.87100000
2017-10-17 14:10:00.000000,0.05762700,0.05817200,0.05755000,0.05817200,62.53700000
2017-10-17 14:11:00.000000,0.05756400,0.05785100,0.05756400,0.05772900,21.62300000
2017-10-17 14:12:00.000000,0.05772900,0.05787800,0.05760200,0.05777700,12.60100000
2017-10-17 14:13:00.000000,0.05777700,0.05782600,0.05762700,0.05767000,16.27200000
2017-10-17 14:14:00.000000,0.05770000,0.05781700,0.05763700,0.05763700,8.06800000
2017-10-17 14:15:00.000000,0.05781600,0.05782600,0.05764000,0.05782500,2.75500000
2017-10-17 14:16:00.000000,0.05782600,0.05782600,0.05781000,0.05781000,5.71500000
2017-10-17 14:17:00.000000,0.05779700,0.05782600,0.05779700,0.05782600,2.56900000
2017-10-17 14:18:00.000000,0.05781900,0.05782600,0.05779700,0.05782600,43.62900000
2017-10-17 14:19:00.000000,0.05779000,0.05782000,0.05779000,0.05781200,23.01700000
2017-10-17 14:20:00.000000,0.05767300,0.05782600,0.05767300,0.05782600,13.80100000
2017-10-17 14:21:00.000000,0.05781600,0.05781600,0.05757800,0.05781200,46.45800000
2017-10-17 14:22:00.000000,0.05756300,0.05780300,0.05756300,0.05780000,30.73700000
2017-10-17 14:23:00.000000,0.05759300,0.05778700,0.05755500,0.05755500,30.99300000
2017-10-17 14:24:00.000000,0.05782100,0.05786400,0.05765500,0.05768100,16.80500000
2017-10-17 14:25:00.000000,0.05768100,0.05771800,0.05768000,0.05771100,3.95100000
2017-10-17 14:26:00.000000,0.05775000,0.05791000,0.05775000,0.05788800,10.67900000
2017-10-17 14:27:00.000000,0.05775000,0.05783900,0.05772500,0.05783500,28.20300000
2017-10-17 14:28:00.000000,0.05782900,0.05789700,0.05768200,0.05782900,67.82400000
2017-10-17 14:29:00.000000,0.05770200,0.05771400,0.05770200,0.05771000,10.78700000
2017-10-17 14:30:00.000000,0.05771000,0.05780700,0.05755700,0.05776300,32.50900000
2017-10-17 14:31:00.000000,0.05756200,0.05782400,0.05756200,0.05782400,25.31700000
2017-10-17 14:32:00.000000,0.05759500,0.05759500,0.05755700,0.05755700,3.72400000
2017-10-17 14:33:00.000000,0.05779300,0.05779300,0.05758100,0.05758100,6.06000000
2017-10-17 14:34:00.000000,0.05759700,0.05759700,0.05758400,0.05758400,4.03100000
2017-10-17 14:35:00.000000,0.05759600,0.05779100,0.05759200,0.05760100,18.12800000
2017-10-17 14:36:00.000000,0.05760100,0.05783000,0.05760100,0.05763900,27.85700000
2017-10-17 14:37:00.000000,0.05790400,0.05790400,0.05765800,0.05788300,22.35000000
2017-10-17 14:38:00.000000,0.05770100,0.05785500,0.05770100,0.05772600,7.76600000
2017-10-17 14:39:00.000000,0.05773800,0.05786900,0.05773800,0.05786900,3.00000000
2017-10-17 14:40:00.000000,0.05786200,0.05786200,0.05760400,0.05762900,14.52000000
2017-10-17 14:41:00.000000,0.05762300,0.05762300,0.05761700,0.05761700,1.98500000
2017-10-17 14:42:00.000000,0.05762900,0.05763500,0.05761700,0.05763100,7.54600000
2017-10-17 14:43:00.000000,0.05778300,0.05778300,0.05762500,0.05777900,0.78300000
2017-10-17 14:44:00.000000,0.05765000,0.05765100,0.05765000,0.05765100,0.63700000
2017-10-17 14:45:00.000000,0.05765600,0.05782600,0.05763200,0.05770300,38.14400000
2017-10-17 14:46:00.000000,0.05770300,0.05771000,0.05764800,0.05771000,37.60800000
2017-10-17 14:47:00.000000,0.05764800,0.05772900,0.05758700,0.05772900,62.80500000
2017-10-17 14:48:00.000000,0.05773000,0.05773000,0.05765700,0.05770200,2.82000000
2017-10-17 14:49:00.000000,0.05769200,0.05770400,0.05730000,0.05750900,43.15700000
2017-10-17 14:50:00.000000,0.05750900,0.05756300,0.05750900,0.05756300,30.89000000
2017-10-17 14:51:00.000000,0.05755700,0.05755800,0.05734000,0.05755800,58.20500000
2017-10-17 14:52:00.000000,0.05754900,0.05763500,0.05753600,0.05763500,12.07200000
2017-10-17 14:53:00.000000,0.05746500,0.05755200,0.05740000,0.05755200,22.81100000
2017-10-17 14:54:00.000000,0.05756700,0.05773000,0.05755800,0.05773000,29.00000000
2017-10-17 14:55:00.000000,0.05773900,0.05773900,0.05771800,0.05771800,3.15000000
2017-10-17 14:56:00.000000,0.05791700,0.05791700,0.05773900,0.05773900,0.74200000
2017-10-17 14:57:00.000000,0.05789900,0.05789900,0.05755700,0.05759500,31.79600000
2017-10-17 14:58:00.000000,0.05769800,0.05789400,0.05769800,0.05789400,27.82400000
2017-10-17 14:59:00.000000,0.05769800,0.05769800,0.05758000,0.05758000,6.81900000
2017-10-17 15:00:00.000000,0.05760600,0.05787400,0.05759700,0.05787400,4.61400000
2017-10-17 15:01:00.000000,0.05789500,0.05789500,0.05771100,0.05771900,3.27000000
2017-10-17 15:02:00.000000,0.05786600,0.05789300,0.05780000,0.05780000,16.84800000
2017-10-17 15:03:00.000000,0.05779900,0.05789300,0.05778500,0.05789100,13.71800000
2017-10-17 15:04:00.000000,0.05780000,0.05780000,0.05760900,0.05780000,20.08000000
2017-10-17 15:05:00.000000,0.05779700,0.05779800,0.05757500,0.05770000,1.32900000
2017-10-17 15:06:00.000000,0.05777100,0.05778800,0.05755800,0.05774100,13.48600000
2017-10-17 15:07:00.000000,0.05758300,0.05773600,0.05755800,0.05757400,4.11000000
2017-10-17 15:08:00.000000,0.05767900,0.05767900,0.05756500,0.05757100,7.39700000
2017-10-17 15:09:00.000000,0.05755800,0.05775500,0.05755800,0.05761600,5.80100000
2017-10-17 15:10:00.000000,0.05775500,0.05775500,0.05760200,0.05760200,23.73700000
2017-10-17 15:11:00.000000,0.05769100,0.05777600,0.05759700,0.05759700,10.60900000
2017-10-17 15:12:00.000000,0.05759000,0.05777600,0.05758600,0.05777600,15.14200000
2017-10-17 15:13:00.000000,0.05762900,0.05776000,0.05758600,0.05774300,29.12000000
2017-10-17 15:14:00.000000,0.05759300,0.05773300,0.05758600,0.05773300,21.60000000
2017-10-17 15:15:00.000000,0.05770200,0.05778800,0.05762600,0.05762600,36.89900000
2017-10-17 15:16:00.000000,0.05789100,0.05789200,0.05758600,0.05758600,48.35900000
2017-10-17 15:17:00.000000,0.05767000,0.05767000,0.05758600,0.05767000,14.03700000
2017-10-17 15:18:00.000000,0.05767000,0.05767900,0.05764100,0.05767900,16.00600000
2017-10-17 15:19:00.000000,0.05758600,0.05767900,0.05758600,0.05758700,21.91500000
2017-10-17 15:20:00.000000,0.05758600,0.05767900,0.05758600,0.05759000,5.43800000
2017-10-17 15:21:00.000000,0.05767900,0.05767900,0.05760000,0.05767500,16.39600000
2017-10-17 15:22:00.000000,0.05764100,0.05767900,0.05755800,0.05767900,27.33700000
2017-10-17 15:23:00.000000,0.05769900,0.05769900,0.05769900,0.05769900,0.69400000
2017-10-17 15:24:00.000000,0.05748600,0.05769900,0.05748600,0.05769000,1.31800000
2017-10-17 15:25:00.000000,0.05751100,0.05752200,0.05751000,0.05751200,4.20100000
2017-10-17 15:26:00.000000,0.05767200,0.05768900,0.05767200,0.05768900,4.16100000
2017-10-17 15:27:00.000000,0.05748500,0.05748700,0.05746900,0.05746900,19.99500000
2017-10-17 15:28:00.000000,0.05747800,0.05747800,0.05746900,0.05746900,27.84800000
2017-10-17 15:29:00.000000,0.05747100,0.05747100,0.05747100,0.05747100,23.06300000
2017-10-17 15:30:00.000000,0.05746900,0.05747100,0.05746900,0.05746900,20.34800000
2017-10-17 15:31:00.000000,0.05747000,0.05747000,0.05730700,0.05746400,14.43700000
2017-10-17 15:32:00.000000,0.05745500,0.05745500,0.05732700,0.05732700,9.08700000
2017-10-17 15:33:00.000000,0.05734100,0.05745900,0.05733300,0.05745200,12.44800000
2017-10-17 15:34:00.000000,0.05733700,0.05753900,0.05730000,0.05748400,47.73400000
2017-10-17 15:35:00.000000,0.05746700,0.05750000,0.05744000,0.05748100,4.14000000
2017-10-17 15:36:00.000000,0.05750000,0.05750000,0.05733200,0.05749900,8.73700000
2017-10-17 15:37:00.000000,0.05747100,0.05748700,0.05733000,0.05748700,4.94000000
2017-10-17 15:38:00.000000,0.05735500,0.05750000,0.05727100,0.05731900,66.34000000
2017-10-17 15:39:00.000000,0.05733500,0.05740100,0.05727100,0.05728100,87.96500000
2017-10-17 15:40:00.000000,0.05745600,0.05745600,0.05745600,0.05745600,6.13900000
2017-10-17 15:41:00.000000,0.05729400,0.05749900,0.05729400,0.05748600,15.73800000
2017-10-17 15:42:00.000000,0.05748400,0.05748400,0.05729100,0.05729100,2.06200000
2017-10-17 15:43:00.000000,0.05748700,0.05748700,0.05727100,0.05734200,18.11900000
2017-10-17 15:44:00.000000,0.05747000,0.05748800,0.05747000,0.05748800,3.72900000
2017-10-17 15:45:00.000000,0.05747400,0.05748600,0.05747400,0.05748600,7.05900000
2017-10-17 15:46:00.000000,0.05748600,0.05749000,0.05746600,0.05748400,19.16200000
2017-10-17 15:47:00.000000,0.05733200,0.05733200,0.05727200,0.05727200,23.09800000
2017-10-17 15:48:00.000000,0.05728600,0.05740400,0.05727100,0.05727200,20.48900000
2017-10-17 15:49:00.000000,0.05727100,0.05744200,0.05727100,0.05743100,10.14600000
2017-10-17 15:50:00.000000,0.05741200,0.05741200,0.05723800,0.05725400,52.68000000
2017-10-17 15:51:00.000000,0.05732400,0.05732400,0.05724700,0.05726700,14.96400000
2017-10-17 15:52:00.000000,0.05725000,0.05732400,0.05724700,0.05726000,3.39800000
2017-10-17 15:53:00.000000,0.05725600,0.05732000,0.05723800,0.05724400,7.53200000
2017-10-17 15:54:00.000000,0.05725000,0.05732400,0.05722000,0.05732200,9.61300000
2017-10-17 15:55:00.000000,0.05731100,0.05732000,0.05722000,0.05732000,19.38600000
2017-10-17 15:56:00.000000,0.05723700,0.05732000,0.05722400,0.05722400,18.39800000
2017-10-17 15:57:00.000000,0.05723500,0.05732000,0.05722000,0.05731500,25.31400000
2017-10-17 15:58:00.000000,0.05732000,0.05732400,0.05720400,0.05732200,21.92500000
2017-10-17 15:59:00.000000,0.05722100,0.05732400,0.05720000,0.05720400,13.76000000
2017-10-17 16:00:00.000000,0.05720700,0.05732400,0.05720000,0.05720000,10.21800000
2017-10-17 16:01:00.000000,0.05730900,0.05748500,0.05720000,0.05748500,16.50800000
2017-10-17 16:02:00.000000,0.05732400,0.05750000,0.05721000,0.05746200,17.22100000
2017-10-17 16:03:00.000000,0.05723500,0.05748000,0.05700200,0.05700200,216.04700000
2017-10-17 16:04:00.000000,0.05700200,0.05735500,0.05700200,0.05729900,13.29100000
2017-10-17 16:05:00.000000,0.05729000,0.05729100,0.05726500,0.05726500,2.35100000
2017-10-17 16:06:00.000000,0.05700700,0.05714800,0.05700000,0.05700000,15.15300000
2017-10-17 16:07:00.000000,0.05700000,0.05726400,0.05700000,0.05714000,20.95600000
2017-10-17 16:08:00.000000,0.05714600,0.05714600,0.05700000,0.05711600,16.44200000
2017-10-17 16:09:00.000000,0.05711300,0.05711300,0.05700700,0.05700700,13.71100000
2017-10-17 16:10:00.000000,0.05709500,0.05709500,0.05700000,0.05708800,24.51800000
2017-10-17 16:11:00.000000,0.05709300,0.05709900,0.05700000,0.05700600,15.25100000
2017-10-17 16:12:00.000000,0.05709900,0.05714500,0.05700000,0.05714500,14.47400000
2017-10-17 16:13:00.000000,0.05712300,0.05712300,0.05700000,0.05702100,1.20700000
2017-10-17 16:14:00.000000,0.05712300,0.05712300,0.05696200,0.05711500,18.22900000
2017-10-17 16:15:00.000000,0.05711500,0.05747400,0.05700100,0.05729500,54.39900000
2017-10-17 16:16:00.000000,0.05730300,0.05734800,0.05723800,0.05723800,6.78700000
2017-10-17 16:17:00.000000,0.05720100,0.05747600,0.05720100,0.05723100,5.00700000
2017-10-17 16:18:00.000000,0.05724900,0.05724900,0.05711600,0.05711800,20.11200000
2017-10-17 16:19:00.000000,0.05711800,0.05720900,0.05711800,0.05720900,23.78000000
2017-10-17 16:20:00.000000,0.05720900,0.05722800,0.05720800,0.05721000,13.77200000
2017-10-17 16:21:00.000000,0.05721500,0.05747200,0.05720800,0.05720800,25.97100000
2017-10-17 16:22:00.000000,0.05720800,0.05738500,0.05720800,0.05738500,32.23100000
2017-10-17 16:23:00.000000,0.05738500,0.05747600,0.05738500,0.05738500,18.11000000
2017-10-17 16:24:00.000000,0.05739500,0.05747900,0.05725700,0.05746500,9.16300000
2017-10-17 16:25:00.000000,0.05745700,0.05749700,0.05745700,0.05748200,14.20500000
2017-10-17 16:26:00.000000,0.05748400,0.05764800,0.05726400,0.05764800,19.27800000
2017-10-17 16:27:00.000000,0.05726900,0.05750000,0.05726900,0.05750000,1.82500000
2017-10-17 16:28:00.000000,0.05767200,0.05768000,0.05743800,0.05764000,2.09600000
2017-10-17 16:29:00.000000,0.05733200,0.05767600,0.05733200,0.05766600,7.13200000
2017-10-17 16:30:00.000000,0.05784700,0.05784700,0.05743600,0.05743600,4.92100000
2017-10-17 16:31:00.000000,0.05747600,0.05749600,0.05745600,0.05745600,15.93400000
2017-10-17 16:32:00.000000,0.05741500,0.05741500,0.05720800,0.05721900,32.24200000
2017-10-17 16:33:00.000000,0.05720800,0.05741500,0.05720800,0.05730200,24.78100000
2017-10-17 16:34:00.000000,0.05730400,0.05741500,0.05728500,0.05741300,12.73000000
2017-10-17 16:35:00.000000,0.05740100,0.05740100,0.05722000,0.05722000,1.37900000
2017-10-17 16:36:00.000000,0.05722000,0.05740700,0.05722000,0.05740700,12.62900000
2017-10-17 16:37:00.000000,0.05724200,0.05773300,0.05723800,0.05773300,17.44300000
2017-10-17 16:38:00.000000,0.05753400,0.05753400,0.05740500,0.05752100,1.20800000
2017-10-17 16:39:00.000000,0.05750300,0.05752100,0.05750300,0.05752100,4.67700000
2017-10-17 16:40:00.000000,0.05726700,0.05751800,0.05726700,0.05731200,8.77700000
2017-10-17 16:41:00.000000,0.05751700,0.05760100,0.05751700,0.05752200,3.41700000
2017-10-17 16:42:00.000000,0.05753300,0.05773900,0.05722200,0.05773400,29.75400000
2017-10-17 16:43:00.000000,0.05749800,0.05775800,0.05749800,0.05754600,24.25000000
2017-10-17 16:44:00.000000,0.05754600,0.05754600,0.05740600,0.05753100,16.09900000
2017-10-17 16:45:00.000000,0.05724100,0.05724100,0.05721900,0.05721900,13.81200000
2017-10-17 16:46:00.000000,0.05722000,0.05739100,0.05721900,0.05738000,11.65500000
2017-10-17 16:47:00.000000,0.05723300,0.05723300,0.05721900,0.05721900,2.53900000
2017-10-17 16:48:00.000000,0.05718500,0.05719600,0.05718500,0.05719300,8.93900000
2017-10-17 16:49:00.000000,0.05737000,0.05737000,0.05719100,0.05719100,1.93800000
2017-10-17 16:50:00.000000,0.05719400,0.05737700,0.05719200,0.05737700,3.04100000
2017-10-17 16:51:00.000000,0.05719000,0.05720300,0.05719000,0.05719200,2.85200000
2017-10-17 16:52:00.000000,0.05720700,0.05739200,0.05720500,0.05739200,19.31800000
2017-10-17 16:53:00.000000,0.05754600,0.05757500,0.05738800,0.05754300,21.42500000
2017-10-17 16:54:00.000000,0.05739200,0.05753900,0.05719000,0.05739800,15.44200000
2017-10-17 16:55:00.000000,0.05739400,0.05739400,0.05739200,0.05739200,2.54300000
2017-10-17 16:56:00.000000,0.05737200,0.05737200,0.05731200,0.05731200,6.74600000
2017-10-17 16:57:00.000000,0.05724000,0.05724100,0.05709100,0.05709100,55.50300000
2017-10-17 16:58:00.000000,0.05736400,0.05738800,0.05709400,0.05738800,7.79900000
2017-10-17 16:59:00.000000,0.05711000,0.05725100,0.05703400,0.05713000,59.77100000
2017-10-17 17:00:00.000000,0.05712800,0.05724100,0.05711000,0.05724100,59.01600000
2017-10-17 17:01:00.000000,0.05711000,0.05754600,0.05684400,0.05709000,88.00500000
2017-10-17 17:02:00.000000,0.05709200,0.05710200,0.05687100,0.05687100,20.48300000
2017-10-17 17:03:00.000000,0.05708200,0.05710000,0.05681400,0.05681600,9.44900000
2017-10-17 17:04:00.000000,0.05682700,0.05710400,0.05681300,0.05698300,4.31100000
2017-10-17 17:05:00.000000,0.05685400,0.05685600,0.05685400,0.05685500,18.67900000
2017-10-17 17:06:00.000000,0.05707100,0.05707400,0.05655100,0.05693100,49.23000000
2017-10-17 17:07:00.000000,0.05687200,0.05697200,0.05664900,0.05666300,22.75900000
2017-10-17 17:08:00.000000,0.05698000,0.05698000,0.05693900,0.05693900,4.66100000
2017-10-17 17:09:00.000000,0.05696900,0.05698400,0.05668400,0.05668400,8.48300000
2017-10-17 17:10:00.000000,0.05697500,0.05697500,0.05697500,0.05697500,1.05200000
2017-10-17 17:11:00.000000,0.05698400,0.05698400,0.05674900,0.05674900,3.18100000
2017-10-17 17:12:00.000000,0.05675900,0.05675900,0.05672900,0.05674900,0.75700000
2017-10-17 17:13:00.000000,0.05674900,0.05676800,0.05674900,0.05676700,5.71700000
2017-10-17 17:14:00.000000,0.05695300,0.05695400,0.05676700,0.05676700,7.76700000
2017-10-17 17:15:00.000000,0.05676700,0.05695700,0.05674900,0.05693700,8.50200000
2017-10-17 17:16:00.000000,0.05675000,0.05697900,0.05674900,0.05674900,19.11800000
2017-10-17 17:17:00.000000,0.05674900,0.05685000,0.05671200,0.05685000,12.82800000
2017-10-17 17:18:00.000000,0.05683600,0.05684800,0.05665600,0.05665600,19.91100000
2017-10-17 17:19:00.000000,0.05679100,0.05685000,0.05663400,0.05685000,7.29100000
2017-10-17 17:20:00.000000,0.05667200,0.05677800,0.05655700,0.05655700,18.60900000
2017-10-17 17:21:00.000000,0.05655100,0.05669400,0.05655100,0.05655100,43.71700000
2017-10-17 17:22:00.000000,0.05655700,0.05655700,0.05640000,0.05655000,31.80200000
2017-10-17 17:23:00.000000,0.05655000,0.05655000,0.05648100,0.05654600,16.18700000
2017-10-17 17:24:00.000000,0.05655000,0.05655700,0.05648300,0.05655400,111.73800000
2017-10-17 17:25:00.000000,0.05655700,0.05666600,0.05648500,0.05666600,17.88800000
2017-10-17 17:26:00.000000,0.05655700,0.05668200,0.05655700,0.05666200,10.24200000
2017-10-17 17:27:00.000000,0.05650100,0.05664800,0.05650100,0.05651700,1.32100000
2017-10-17 17:28:00.000000,0.05666200,0.05668200,0.05666200,0.05667100,0.21800000
2017-10-17 17:29:00.000000,0.05667000,0.05667700,0.05648400,0.05648400,5.56400000
2017-10-17 17:30:00.000000,0.05667700,0.05667700,0.05648400,0.05649900,11.66200000
2017-10-17 17:31:00.000000,0.05665800,0.05670000,0.05664200,0.05670000,40.57600000
2017-10-17 17:32:00.000000,0.05648800,0.05670000,0.05648800,0.05655100,6.12800000
2017-10-17 17:33:00.000000,0.05668900,0.05674000,0.05652800,0.05674000,23.85100000
2017-10-17 17:34:00.000000,0.05655000,0.05655000,0.05655000,0.05655000,3.06800000
2017-10-17 17:35:00.000000,0.05655200,0.05675000,0.05652900,0.05652900,13.57500000
2017-10-17 17:36:00.000000,0.05652900,0.05673900,0.05649300,0.05673800,23.58100000
2017-10-17 17:37:00.000000,0.05684500,0.05684500,0.05650400,0.05652000,10.89600000
2017-10-17 17:38:00.000000,0.05653700,0.05676100,0.05653700,0.05665100,9.69300000
2017-10-17 17:39:00.000000,0.05665800,0.05682100,0.05664800,0.05680800,4.79400000
2017-10-17 17:40:00.000000,0.05666300,0.05682100,0.05664800,0.05682100,9.73300000
2017-10-17 17:41:00.000000,0.05684600,0.05691500,0.05667300,0.05683400,1.68400000
2017-10-17 17:42:00.000000,0.05683400,0.05685300,0.05682100,0.05682100,6.97800000
2017-10-17 17:43:00.000000,0.05682100,0.05701900,0.05682100,0.05701200,38.09200000
2017-10-17 17:44:00.000000,0.05701200,0.05701900,0.05683700,0.05683800,8.59300000
2017-10-17 17:45:00.000000,0.05683800,0.05700000,0.05666000,0.05697100,69.87200000
2017-10-17 17:46:00.000000,0.05697800,0.05698700,0.05670000,0.05670000,0.92700000
2017-10-17 17:47:00.000000,0.05699900,0.05699900,0.05671000,0.05698400,13.59600000
2017-10-17 17:48:00.000000,0.05698700,0.05701800,0.05671600,0.05682800,48.60600000
2017-10-17 17:49:00.000000,0.05698700,0.05701800,0.05682200,0.05700000,17.20600000
2017-10-17 17:50:00.000000,0.05700000,0.05701900,0.05700000,0.05701900,12.83400000
2017-10-17 17:51:00.000000,0.05700000,0.05707500,0.05700000,0.05700000,9.91400000
2017-10-17 17:52:00.000000,0.05700300,0.05712900,0.05700000,0.05700000,26.89100000
2017-10-17 17:53:00.000000,0.05700500,0.05704600,0.05700000,0.05701400,2.68000000
2017-10-17 17:54:00.000000,0.05701200,0.05704600,0.05686200,0.05703700,16.70400000
2017-10-17 17:55:00.000000,0.05704400,0.05704600,0.05703700,0.05704600,11.20100000
2017-10-17 17:56:00.000000,0.05704600,0.05704600,0.05703700,0.05703700,6.03400000
2017-10-17 17:57:00.000000,0.05703700,0.05703700,0.05682300,0.05685100,4.74300000
2017-10-17 17:58:00.000000,0.05698300,0.05700000,0.05683900,0.05683900,40.09800000
2017-10-17 17:59:00.000000,0.05687300,0.05688100,0.05687300,0.05687500,3.12000000
2017-10-17 18:00:00.000000,0.05688600,0.05699500,0.05686500,0.05698100,4.77900000
2017-10-17 18:01:00.000000,0.05692000,0.05697900,0.05690000,0.05695900,16.19100000
2017-10-17 18:02:00.000000,0.05696000,0.05696000,0.05690000,0.05690000,6.11000000
2017-10-17 18:03:00.000000,0.05690100,0.05698000,0.05683900,0.05683900,32.24300000
2017-10-17 18:04:00.000000,0.05683900,0.05699500,0.05683900,0.05699400,10.46000000
2017-10-17 18:05:00.000000,0.05698100,0.05698700,0.05697500,0.05697500,1.29900000
2017-10-17 18:06:00.000000,0.05697700,0.05699500,0.05682000,0.05697900,4.78200000
2017-10-17 18:07:00.000000,0.05682100,0.05704400,0.05682000,0.05704400,17.13200000
2017-10-17 18:08:00.000000,0.05699400,0.05703000,0.05682100,0.05703000,9.30000000
2017-10-17 18:09:00.000000,0.05700000,0.05700000,0.05682100,0.05699600,3.80700000
2017-10-17 18:10:00.000000,0.05683000,0.05687100,0.05683000,0.05687100,33.09900000
2017-10-17 18:11:00.000000,0.05700000,0.05704500,0.05700000,0.05700000,0.60400000
2017-10-17 18:12:00.000000,0.05687200,0.05702900,0.05687200,0.05698600,12.71600000
2017-10-17 18:13:00.000000,0.05698600,0.05702900,0.05691700,0.05691700,44.57600000
2017-10-17 18:14:00.000000,0.05701800,0.05704600,0.05692000,0.05698300,9.94700000
2017-10-17 18:15:00.000000,0.05692300,0.05699500,0.05691600,0.05698000,6.10100000
2017-10-17 18:16:00.000000,0.05690800,0.05698300,0.05690800,0.05698300,11.69800000
2017-10-17 18:17:00.000000,0.05700000,0.05701800,0.05687400,0.05701800,5.21500000
2017-10-17 18:18:00.000000,0.05701100,0.05701100,0.05699900,0.05700400,21.58700000
2017-10-17 18:19:00.000000,0.05702900,0.05704600,0.05700000,0.05700000,19.20900000
2017-10-17 18:20:00.000000,0.05704300,0.05704400,0.05700000,0.05700000,12.68600000
2017-10-17 18:21:00.000000,0.05703800,0.05704000,0.05700000,0.05704000,3.04800000
2017-10-17 18:22:00.000000,0.05702700,0.05702800,0.05700000,0.05700000,3.21500000
2017-10-17 18:23:00.000000,0.05701200,0.05704100,0.05700100,0.05703500,2.20200000
2017-10-17 18:24:00.000000,0.05718500,0.05719800,0.05718500,0.05719800,0.94100000
2017-10-17 18:25:00.000000,0.05719800,0.05720000,0.05700000,0.05700100,41.80100000
2017-10-17 18:26:00.000000,0.05707900,0.05714300,0.05706100,0.05706100,2.10900000
2017-10-17 18:27:00.000000,0.05703000,0.05714300,0.05703000,0.05714300,6.91100000
2017-10-17 18:28:00.000000,0.05701000,0.05701000,0.05701000,0.05701000,4.13300000
2017-10-17 18:29:00.000000,0.05700400,0.05714200,0.05700400,0.05700400,5.18200000
2017-10-17 18:30:00.000000,0.05700400,0.05714100,0.05700000,0.05701200,4.82900000
2017-10-17 18:31:00.000000,0.05714300,0.05714300,0.05700100,0.05712800,5.49300000
2017-10-17 18:32:00.000000,0.05703300,0.05703300,0.05701500,0.05702700,1.66900000
2017-10-17 18:33:00.000000,0.05702700,0.05715200,0.05702700,0.05715200,9.76800000
2017-10-17 18:34:00.000000,0.05713600,0.05719900,0.05702700,0.05719200,10.64300000
2017-10-17 18:35:00.000000,0.05702700,0.05717000,0.05702700,0.05703900,6.73200000
2017-10-17 18:36:00.000000,0.05716500,0.05717900,0.05704100,0.05704100,4.34400000
2017-10-17 18:37:00.000000,0.05717700,0.05718000,0.05704800,0.05704800,7.08100000
2017-10-17 18:38:00.000000,0.05715900,0.05717800,0.05704100,0.05717400,7.74800000
2017-10-17 18:39:00.000000,0.05715700,0.05716800,0.05704400,0.05716300,35.52100000
2017-10-17 18:40:00.000000,0.05707200,0.05717300,0.05706000,0.05706700,13.37800000
2017-10-17 18:41:00.000000,0.05706000,0.05716900,0.05705400,0.05705400,3.14800000
2017-10-17 18:42:00.000000,0.05703500,0.05704200,0.05702700,0.05702700,1.44000000
2017-10-17 18:43:00.000000,0.05704100,0.05704900,0.05702700,0.05704900,4.02500000
2017-10-17 18:44:00.000000,0.05704900,0.05717200,0.05702700,0.05717200,39.03000000
2017-10-17 18:45:00.000000,0.05715900,0.05717200,0.05706300,0.05712000,20.93400000
2017-10-17 18:46:00.000000,0.05717300,0.05720000,0.05715200,0.05720000,12.77700000
2017-10-17 18:47:00.000000,0.05720000,0.05736500,0.05708800,0.05735700,3.81700000
2017-10-17 18:48:00.000000,0.05713500,0.05739500,0.05713500,0.05716000,5.36500000
2017-10-17 18:49:00.000000,0.05719300,0.05739500,0.05719300,0.05739100,35.92100000
2017-10-17 18:50:00.000000,0.05739100,0.05739200,0.05718700,0.05739200,13.07700000
2017-10-17 18:51:00.000000,0.05722600,0.05737300,0.05718900,0.05718900,16.22200000
2017-10-17 18:52:00.000000,0.05739100,0.05739100,0.05719400,0.05719400,0.49100000
2017-10-17 18:53:00.000000,0.05721200,0.05736700,0.05721200,0.05721700,7.20600000
2017-10-17 18:54:00.000000,0.05734900,0.05734900,0.05732700,0.05734700,7.84900000
2017-10-17 18:55:00.000000,0.05733100,0.05735800,0.05721700,0.05735800,35.15400000
2017-10-17 18:56:00.000000,0.05735000,0.05735000,0.05721700,0.05721800,58.36700000
2017-10-17 18:57:00.000000,0.05721700,0.05732000,0.05721700,0.05729500,59.01300000
2017-10-17 18:58:00.000000,0.05732900,0.05736000,0.05728900,0.05736000,44.21800000
2017-10-17 18:59:00.000000,0.05736000,0.05736000,0.05729700,0.05730100,14.01100000
2017-10-17 19:00:00.000000,0.05729700,0.05736800,0.05718700,0.05718700,31.64200000
2017-10-17 19:01:00.000000,0.05735900,0.05735900,0.05719400,0.05733700,1.21500000
2017-10-17 19:02:00.000000,0.05719400,0.05733500,0.05719400,0.05721200,7.41200000
2017-10-17 19:03:00.000000,0.05732900,0.05736000,0.05731500,0.05734500,3.10100000
2017-10-17 19:04:00.000000,0.05731500,0.05735200,0.05717600,0.05717600,6.77000000
2017-10-17 19:05:00.000000,0.05718700,0.05720300,0.05718700,0.05720300,6.03100000
2017-10-17 19:06:00.000000,0.05734500,0.05734500,0.05718700,0.05718700,19.66200000
2017-10-17 19:07:00.000000,0.05734400,0.05734400,0.05720400,0.05720400,4.69700000
2017-10-17 19:08:00.000000,0.05718700,0.05733000,0.05711500,0.05732600,39.39500000
2017-10-17 19:09:00.000000,0.05711500,0.05732600,0.05702700,0.05732600,34.86000000
2017-10-17 19:10:00.000000,0.05732600,0.05732600,0.05691700,0.05706200,80.13800000
2017-10-17 19:11:00.000000,0.05705000,0.05728300,0.05705000,0.05707300,4.36400000
2017-10-17 19:12:00.000000,0.05708700,0.05725100,0.05695000,0.05697100,5.85300000
2017-10-17 19:13:00.000000,0.05695200,0.05722100,0.05695100,0.05720600,1.43500000
2017-10-17 19:14:00.000000,0.05720000,0.05732500,0.05691700,0.05732500,9.07700000
2017-10-17 19:15:00.000000,0.05718800,0.05732600,0.05712400,0.05712400,11.81900000
2017-10-17 19:16:00.000000,0.05730100,0.05730100,0.05709900,0.05729600,1.75000000
2017-10-17 19:17:00.000000,0.05710300,0.05727100,0.05710200,0.05727100,14.63800000
2017-10-17 19:18:00.000000,0.05727100,0.05727100,0.05713300,0.05713300,3.25000000
2017-10-17 19:19:00.000000,0.05727100,0.05727100,0.05725700,0.05726900,0.73300000
2017-10-17 19:20:00.000000,0.05714500,0.05728900,0.05713700,0.05728900,21.63100000
2017-10-17 19:21:00.000000,0.05728900,0.05728900,0.05727200,0.05728800,48.21300000
2017-10-17 19:22:00.000000,0.05727200,0.05729000,0.05718300,0.05729000,26.70100000
2017-10-17 19:23:00.000000,0.05729000,0.05729000,0.05718500,0.05725100,30.66200000
2017-10-17 19:24:00.000000,0.05727000,0.05729000,0.05719400,0.05729000,5.39900000
2017-10-17 19:25:00.000000,0.05729000,0.05729000,0.05727000,0.05728800,15.88300000
2017-10-17 19:26:00.000000,0.05729000,0.05729000,0.05728400,0.05728400,0.64900000
2017-10-17 19:27:00.000000,0.05729000,0.05745900,0.05729000,0.05745900,4.27500000
2017-10-17 19:28:00.000000,0.05745900,0.05745900,0.05745900,0.05745900,0.00000000
2017-10-17 19:29:00.000000,0.05729300,0.05747300,0.05729300,0.05745400,3.01200000
2017-10-17 19:30:00.000000,0.05745400,0.05747300,0.05731500,0.05731500,5.86100000
2017-10-17 19:31:00.000000,0.05747000,0.05747300,0.05745700,0.05746600,17.71400000
2017-10-17 19:32:00.000000,0.05745700,0.05747300,0.05745700,0.05747300,7.10000000
2017-10-17 19:33:00.000000,0.05729800,0.05747300,0.05729800,0.05747200,3.14300000
2017-10-17 19:34:00.000000,0.05747300,0.05772500,0.05747300,0.05772500,43.70500000
2017-10-17 19:35:00.000000,0.05755000,0.05755000,0.05753100,0.05754900,45.96300000
2017-10-17 19:36:00.000000,0.05755000,0.05755000,0.05734100,0.05755000,27.83400000
2017-10-17 19:37:00.000000,0.05754800,0.05754800,0.05739800,0.05741400,22.78900000
2017-10-17 19:38:00.000000,0.05741400,0.05741400,0.05722700,0.05722700,39.74800000
2017-10-17 19:39:00.000000,0.05737100,0.05739100,0.05733400,0.05736200,21.83000000
2017-10-17 19:40:00.000000,0.05721300,0.05739900,0.05721300,0.05739900,1.30600000
2017-10-17 19:41:00.000000,0.05739600,0.05752000,0.05739600,0.05752000,14.30100000
2017-10-17 19:42:00.000000,0.05740200,0.05753600,0.05723200,0.05753600,13.40400000
2017-10-17 19:43:00.000000,0.05727400,0.05753100,0.05727400,0.05753100,14.13100000
2017-10-17 19:44:00.000000,0.05753100,0.05758300,0.05729100,0.05742700,3.51300000
2017-10-17 19:45:00.000000,0.05742700,0.05770900,0.05742700,0.05743300,11.52900000
2017-10-17 19:46:00.000000,0.05743300,0.05766400,0.05742900,0.05744200,22.31200000
2017-10-17 19:47:00.000000,0.05744200,0.05760600,0.05742700,0.05753800,18.34000000
2017-10-17 19:48:00.000000,0.05742700,0.05755000,0.05742700,0.05743600,21.35100000
2017-10-17 19:49:00.000000,0.05744400,0.05757400,0.05742700,0.05742700,22.45300000
2017-10-17 19:50:00.000000,0.05742700,0.05750300,0.05742700,0.05747100,10.71600000
2017-10-17 19:51:00.000000,0.05751000,0.05751000,0.05739700,0.05745600,26.87100000
2017-10-17 19:52:00.000000,0.05721100,0.05721100,0.05721100,0.05721100,0.28000000
2017-10-17 19:53:00.000000,0.05749300,0.05749300,0.05723900,0.05723900,8.71300000
2017-10-17 19:54:00.000000,0.05750600,0.05755600,0.05750600,0.05754500,27.15900000
2017-10-17 19:55:00.000000,0.05754500,0.05774800,0.05732800,0.05750000,111.14200000
2017-10-17 19:56:00.000000,0.05750000,0.05750000,0.05722000,0.05722000,20.72900000
2017-10-17 19:57:00.000000,0.05722000,0.05722000,0.05722000,0.05722000,0.00000000
2017-10-17 19:58:00.000000,0.05725200,0.05725200,0.05723200,0.05723200,0.25500000
2017-10-17 19:59:00.000000,0.05725200,0.05725300,0.05722600,0.05725300,0.52100000
2017-10-17 20:00:00.000000,0.05727100,0.05767800,0.05727100,0.05767800,4.20500000
2017-10-17 20:01:00.000000,0.05767800,0.05767800,0.05722700,0.05722700,3.03000000
2017-10-17 20:02:00.000000,0.05723200,0.05760700,0.05723200,0.05738300,9.81100000
2017-10-17 20:03:00.000000,0.05758300,0.05759500,0.05738700,0.05738700,19.13600000
2017-10-17 20:04:00.000000,0.05738200,0.05760300,0.05737500,0.05758500,33.09900000
2017-10-17 20:05:00.000000,0.05758600,0.05767400,0.05738100,0.05739900,22.59700000
2017-10-17 20:06:00.000000,0.05739900,0.05767800,0.05687100,0.05687100,68.99100000
2017-10-17 20:07:00.000000,0.05703200,0.05703200,0.05702300,0.05702300,1.57800000
2017-10-17 20:08:00.000000,0.05702900,0.05749200,0.05702900,0.05747000,6.46100000
2017-10-17 20:09:00.000000,0.05750400,0.05750400,0.05719800,0.05738800,65.59200000
2017-10-17 20:10:00.000000,0.05747000,0.05747000,0.05687100,0.05718800,21.87800000
2017-10-17 20:11:00.000000,0.05718900,0.05718900,0.05687100,0.05687100,2.66700000
2017-10-17 20:12:00.000000,0.05687100,0.05687100,0.05651600,0.05651600,19.93200000
2017-10-17 20:13:00.000000,0.05685700,0.05685700,0.05685600,0.05685600,3.55700000
2017-10-17 20:14:00.000000,0.05652200,0.05685400,0.05652200,0.05670800,17.16500000
2017-10-17 20:15:00.000000,0.05685200,0.05685200,0.05670700,0.05670700,11.98900000
2017-10-17 20:16:00.000000,0.05682700,0.05682700,0.05672100,0.05672100,17.86100000
2017-10-17 20:17:00.000000,0.05685700,0.05685800,0.05685700,0.05685800,2.21400000
2017-10-17 20:18:00.000000,0.05686800,0.05686800,0.05650600,0.05679900,43.51100000
2017-10-17 20:19:00.000000,0.05679900,0.05680000,0.05650000,0.05679900,8.75900000
2017-10-17 20:20:00.000000,0.05667500,0.05685700,0.05665000,0.05685700,36.79100000
2017-10-17 20:21:00.000000,0.05680000,0.05680000,0.05668900,0.05674400,22.12700000
2017-10-17 20:22:00.000000,0.05674300,0.05690500,0.05666000,0.05690500,55.59200000
2017-10-17 20:23:00.000000,0.05674400,0.05683700,0.05674400,0.05683700,18.48300000
2017-10-17 20:24:00.000000,0.05663800,0.05698400,0.05663800,0.05695600,8.33800000
2017-10-17 20:25:00.000000,0.05665700,0.05695200,0.05665700,0.05666900,8.14700000
2017-10-17 20:26:00.000000,0.05670400,0.05691900,0.05670400,0.05691000,5.26100000
2017-10-17 20:27:00.000000,0.05672200,0.05672200,0.05672200,0.05672200,1.98500000
2017-10-17 20:28:00.000000,0.05669100,0.05669300,0.05668600,0.05669300,5.60500000
2017-10-17 20:29:00.000000,0.05670200,0.05689300,0.05670100,0.05689300,16.17200000
2017-10-17 20:30:00.000000,0.05689300,0.05689300,0.05689300,0.05689300,0.00000000
2017-10-17 20:31:00.000000,0.05672400,0.05680000,0.05670300,0.05670300,9.31400000
2017-10-17 20:32:00.000000,0.05680000,0.05691900,0.05670200,0.05691500,26.71600000
2017-10-17 20:33:00.000000,0.05692600,0.05692600,0.05680800,0.05681500,2.71600000
2017-10-17 20:34:00.000000,0.05686000,0.05686100,0.05681300,0.05681600,2.40600000
2017-10-17 20:35:00.000000,0.05681600,0.05697200,0.05670200,0.05695600,20.15100000
2017-10-17 20:36:00.000000,0.05678400,0.05685300,0.05669700,0.05685300,7.10700000
2017-10-17 20:37:00.000000,0.05685000,0.05685000,0.05680800,0.05680800,7.56800000
2017-10-17 20:38:00.000000,0.05671400,0.05671400,0.05669700,0.05670000,16.19300000
2017-10-17 20:39:00.000000,0.05670300,0.05672900,0.05670300,0.05672600,11.82200000
2017-10-17 20:40:00.000000,0.05682000,0.05685100,0.05672500,0.05683400,15.67200000
2017-10-17 20:41:00.000000,0.05681800,0.05683100,0.05669500,0.05670400,46.33900000
2017-10-17 20:42:00.000000,0.05674000,0.05683900,0.05662600,0.05664300,20.23800000
2017-10-17 20:43:00.000000,0.05679300,0.05681000,0.05661900,0.05681000,13.34500000
2017-10-17 20:44:00.000000,0.05667800,0.05667800,0.05667800,0.05667800,0.87600000
2017-10-17 20:45:00.000000,0.05667800,0.05682000,0.05664000,0.05680300,1.39000000
2017-10-17 20:46:00.000000,0.05685200,0.05705200,0.05674200,0.05678200,23.19600000
2017-10-17 20:47:00.000000,0.05678700,0.05687000,0.05678000,0.05685000,5.38000000
2017-10-17 20:48:00.000000,0.05682800,0.05684000,0.05660700,0.05684000,5.52800000
2017-10-17 20:49:00.000000,0.05682800,0.05683100,0.05682800,0.05683100,12.80300000
2017-10-17 20:50:00.000000,0.05678000,0.05686600,0.05659300,0.05674500,38.19900000
2017-10-17 20:51:00.000000,0.05674500,0.05679000,0.05650200,0.05650200,66.68200000
2017-10-17 20:52:00.000000,0.05650200,0.05688600,0.05650000,0.05650000,64.65600000
2017-10-17 20:53:00.000000,0.05665100,0.05671700,0.05648100,0.05659400,8.19400000
2017-10-17 20:54:00.000000,0.05660000,0.05667000,0.05628000,0.05628000,26.53000000
2017-10-17 20:55:00.000000,0.05658900,0.05689800,0.05658000,0.05658900,5.06800000
2017-10-17 20:56:00.000000,0.05678800,0.05678800,0.05651200,0.05673800,8.67500000
2017-10-17 20:57:00.000000,0.05658500,0.05673800,0.05652900,0.05656600,8.06300000
2017-10-17 20:58:00.000000,0.05672800,0.05672800,0.05646600,0.05670000,5.28000000
2017-10-17 20:59:00.000000,0.05669700,0.05670800,0.05647900,0.05648300,9.34000000
2017-10-17 21:00:00.000000,0.05648500,0.05674000,0.05648500,0.05674000,16.36500000
2017-10-17 21:01:00.000000,0.05671100,0.05688800,0.05650900,0.05669200,24.54600000
2017-10-17 21:02:00.000000,0.05651400,0.05707100,0.05651400,0.05654900,45.57400000
2017-10-17 21:03:00.000000,0.05656400,0.05705300,0.05656400,0.05705300,0.35100000
2017-10-17 21:04:00.000000,0.05658200,0.05704400,0.05658200,0.05700800,6.06000000
2017-10-17 21:05:00.000000,0.05664000,0.05664000,0.05664000,0.05664000,0.47400000
2017-10-17 21:06:00.000000,0.05664500,0.05700300,0.05664500,0.05698900,14.50500000
2017-10-17 21:07:00.000000,0.05667600,0.05700100,0.05667600,0.05700100,6.21500000
2017-10-17 21:08:00.000000,0.05698500,0.05722000,0.05663500,0.05665600,24.70900000
2017-10-17 21:09:00.000000,0.05704600,0.05704600,0.05704600,0.05704600,3.72200000
2017-10-17 21:10:00.000000,0.05661900,0.05697800,0.05628300,0.05697600,24.89500000
2017-10-17 21:11:00.000000,0.05662300,0.05716100,0.05660400,0.05662400,2.10000000
2017-10-17 21:12:00.000000,0.05696100,0.05696200,0.05660500,0.05662900,7.53600000
2017-10-17 21:13:00.000000,0.05662800,0.05690000,0.05660400,0.05660600,32.42800000
2017-10-17 21:14:00.000000,0.05661000,0.05685000,0.05661000,0.05662200,17.27200000
2017-10-17 21:15:00.000000,0.05662200,0.05712200,0.05656600,0.05710200,24.35300000
2017-10-17 21:16:00.000000,0.05656600,0.05686800,0.05648300,0.05648300,7.21700000
2017-10-17 21:17:00.000000,0.05678200,0.05708100,0.05648700,0.05656400,23.36700000
2017-10-17 21:18:00.000000,0.05654600,0.05655000,0.05651300,0.05651400,6.88300000
2017-10-17 21:19:00.000000,0.05651600,0.05679200,0.05644400,0.05644400,9.83200000
2017-10-17 21:20:00.000000,0.05638500,0.05638500,0.05638500,0.05638500,0.30000000
2017-10-17 21:21:00.000000,0.05687700,0.05687700,0.05687700,0.05687700,0.09400000
2017-10-17 21:22:00.000000,0.05687700,0.05687700,0.05687700,0.05687700,0.00000000
2017-10-17 21:23:00.000000,0.05673000,0.05675300,0.05673000,0.05673100,10.59000000
2017-10-17 21:24:00.000000,0.05672700,0.05672800,0.05641200,0.05672600,3.23100000
2017-10-17 21:25:00.000000,0.05672000,0.05672400,0.05645200,0.05648900,26.40800000
2017-10-17 21:26:00.000000,0.05650600,0.05672400,0.05648600,0.05648600,28.29300000
2017-10-17 21:27:00.000000,0.05648600,0.05667900,0.05648200,0.05667900,1.18600000
2017-10-17 21:28:00.000000,0.05670700,0.05679000,0.05650000,0.05652300,50.15300000
2017-10-17 21:29:00.000000,0.05652300,0.05678000,0.05650000,0.05650000,32.01000000
2017-10-17 21:30:00.000000,0.05650000,0.05671600,0.05637500,0.05637500,14.47600000
2017-10-17 21:31:00.000000,0.05672700,0.05673900,0.05672700,0.05673900,22.46700000
2017-10-17 21:32:00.000000,0.05673700,0.05673700,0.05673700,0.05673700,0.33200000
2017-10-17 21:33:00.000000,0.05672400,0.05672400,0.05638500,0.05640500,11.07900000
2017-10-17 21:34:00.000000,0.05638400,0.05640100,0.05638400,0.05640100,6.40500000
2017-10-17 21:35:00.000000,0.05664600,0.05695600,0.05631500,0.05695500,36.89500000
2017-10-17 21:36:00.000000,0.05630800,0.05632000,0.05630800,0.05631900,3.29300000
2017-10-17 21:37:00.000000,0.05632000,0.05690700,0.05631300,0.05631300,7.82700000
2017-10-17 21:38:00.000000,0.05630300,0.05650000,0.05630300,0.05649900,20.76700000
2017-10-17 21:39:00.000000,0.05648400,0.05658600,0.05633100,0.05658600,27.16200000
2017-10-17 21:40:00.000000,0.05659600,0.05659700,0.05651400,0.05652000,19.82400000
2017-10-17 21:41:00.000000,0.05652000,0.05652900,0.05647100,0.05649900,2.28800000
2017-10-17 21:42:00.000000,0.05642200,0.05650000,0.05636800,0.05650000,7.20600000
2017-10-17 21:43:00.000000,0.05648400,0.05650000,0.05630000,0.05630800,37.18300000
2017-10-17 21:44:00.000000,0.05630100,0.05657400,0.05630100,0.05656900,5.13800000
2017-10-17 21:45:00.000000,0.05656400,0.05658400,0.05656400,0.05658400,21.00700000
2017-10-17 21:46:00.000000,0.05656400,0.05692800,0.05656400,0.05661300,10.71400000
2017-10-17 21:47:00.000000,0.05699700,0.05699700,0.05661400,0.05663000,19.59500000
2017-10-17 21:48:00.000000,0.05663000,0.05722000,0.05656700,0.05657100,122.62300000
2017-10-17 21:49:00.000000,0.05690100,0.05699900,0.05657300,0.05699900,21.66500000
2017-10-17 21:50:00.000000,0.05699800,0.05699800,0.05656400,0.05656400,28.45000000
2017-10-17 21:51:00.000000,0.05645300,0.05684000,0.05645300,0.05684000,3.00500000
2017-10-17 21:52:00.000000,0.05638400,0.05681600,0.05630200,0.05630200,37.93200000
2017-10-17 21:53:00.000000,0.05631400,0.05689400,0.05626700,0.05683200,44.32100000
2017-10-17 21:54:00.000000,0.05683900,0.05684000,0.05683100,0.05683700,10.23200000
2017-10-17 21:55:00.000000,0.05684000,0.05686500,0.05634300,0.05681000,26.22000000
2017-10-17 21:56:00.000000,0.05683800,0.05692800,0.05640400,0.05640700,8.75400000
2017-10-17 21:57:00.000000,0.05635200,0.05635200,0.05633200,0.05633200,3.54500000
2017-10-17 21:58:00.000000,0.05634300,0.05634300,0.05633900,0.05634200,3.04700000
2017-10-17 21:59:00.000000,0.05634800,0.05694900,0.05634400,0.05689600,4.65300000
2017-10-17 22:00:00.000000,0.05634100,0.05634200,0.05634100,0.05634200,7.43300000
2017-10-17 22:01:00.000000,0.05684100,0.05684100,0.05683100,0.05683100,0.97000000
2017-10-17 22:02:00.000000,0.05694500,0.05694500,0.05640700,0.05640700,1.70400000
2017-10-17 22:03:00.000000,0.05638500,0.05638500,0.05638500,0.05638500,0.52300000
2017-10-17 22:04:00.000000,0.05639100,0.05640500,0.05639100,0.05639700,1.40900000
2017-10-17 22:05:00.000000,0.05640100,0.05680000,0.05640100,0.05680000,2.72000000
2017-10-17 22:06:00.000000,0.05676300,0.05676300,0.05639600,0.05675400,4.37000000
2017-10-17 22:07:00.000000,0.05675400,0.05675800,0.05632100,0.05632500,22.13500000
2017-10-17 22:08:00.000000,0.05686300,0.05686300,0.05686300,0.05686300,5.74300000
2017-10-17 22:09:00.000000,0.05673500,0.05674400,0.05650000,0.05674400,24.58000000
2017-10-17 22:10:00.000000,0.05650100,0.05650100,0.05646300,0.05647400,6.29000000
2017-10-17 22:11:00.000000,0.05648700,0.05648700,0.05648700,0.05648700,1.67800000
2017-10-17 22:12:00.000000,0.05648700,0.05685900,0.05648700,0.05649500,13.10900000
2017-10-17 22:13:00.000000,0.05682000,0.05682000,0.05650600,0.05650600,8.13400000
2017-10-17 22:14:00.000000,0.05650900,0.05698300,0.05650900,0.05650900,59.53800000
2017-10-17 22:15:00.000000,0.05649700,0.05684300,0.05649500,0.05649500,5.70100000
2017-10-17 22:16:00.000000,0.05649600,0.05674000,0.05647400,0.05672300,28.44200000
2017-10-17 22:17:00.000000,0.05647400,0.05657600,0.05642500,0.05642500,16.13500000
2017-10-17 22:18:00.000000,0.05632200,0.05645500,0.05631500,0.05645500,18.07500000
2017-10-17 22:19:00.000000,0.05643400,0.05654200,0.05631400,0.05635200,40.96800000
2017-10-17 22:20:00.000000,0.05631900,0.05657000,0.05631900,0.05657000,4.33400000
2017-10-17 22:21:00.000000,0.05632600,0.05656500,0.05627600,0.05656500,16.35700000
2017-10-17 22:22:00.000000,0.05631000,0.05661000,0.05626800,0.05627800,36.15800000
2017-10-17 22:23:00.000000,0.05626800,0.05652100,0.05626800,0.05651900,23.63000000
2017-10-17 22:24:00.000000,0.05627800,0.05659400,0.05627000,0.05628000,32.58100000
2017-10-17 22:25:00.000000,0.05629200,0.05661800,0.05629200,0.05658000,19.67900000
2017-10-17 22:26:00.000000,0.05631000,0.05647900,0.05629500,0.05631700,4.79400000
2017-10-17 22:27:00.000000,0.05653000,0.05653100,0.05631700,0.05632600,12.57400000
2017-10-17 22:28:00.000000,0.05632600,0.05651700,0.05626800,0.05627100,31.26900000
2017-10-17 22:29:00.000000,0.05647000,0.05647000,0.05626700,0.05628900,16.81800000
2017-10-17 22:30:00.000000,0.05645100,0.05645100,0.05626700,0.05640500,18.05100000
2017-10-17 22:31:00.000000,0.05640500,0.05648200,0.05640500,0.05647000,17.89800000
2017-10-17 22:32:00.000000,0.05630300,0.05652900,0.05627900,0.05628300,3.15100000
2017-10-17 22:33:00.000000,0.05648400,0.05648500,0.05627300,0.05644700,19.32100000
2017-10-17 22:34:00.000000,0.05644700,0.05650000,0.05631200,0.05634100,30.33600000
2017-10-17 22:35:00.000000,0.05634100,0.05648300,0.05628600,0.05629600,7.82600000
2017-10-17 22:36:00.000000,0.05647300,0.05648200,0.05629000,0.05629400,2.28900000
2017-10-17 22:37:00.000000,0.05630300,0.05648200,0.05629800,0.05646900,11.61700000
2017-10-17 22:38:00.000000,0.05627000,0.05648300,0.05627000,0.05647200,17.39500000
2017-10-17 22:39:00.000000,0.05632000,0.05648100,0.05625000,0.05626300,27.76500000
2017-10-17 22:40:00.000000,0.05639200,0.05639200,0.05625000,0.05625000,2.65100000
2017-10-17 22:41:00.000000,0.05634600,0.05634600,0.05625800,0.05630700,24.84400000
2017-10-17 22:42:00.000000,0.05616100,0.05630100,0.05616100,0.05626000,19.95100000
2017-10-17 22:43:00.000000,0.05646400,0.05647200,0.05646100,0.05646100,4.30400000
2017-10-17 22:44:00.000000,0.05626500,0.05650200,0.05617000,0.05650200,52.99700000
2017-10-17 22:45:00.000000,0.05651100,0.05651100,0.05600000,0.05626200,59.30500000
2017-10-17 22:46:00.000000,0.05610000,0.05625200,0.05610000,0.05625200,1.79000000
2017-10-17 22:47:00.000000,0.05625300,0.05627300,0.05615000,0.05627100,24.40700000
2017-10-17 22:48:00.000000,0.05627300,0.05637700,0.05618000,0.05618000,3.96000000
2017-10-17 22:49:00.000000,0.05634000,0.05676800,0.05618600,0.05618700,28.89500000
2017-10-17 22:50:00.000000,0.05618100,0.05647600,0.05616100,0.05646000,7.91400000
2017-10-17 22:51:00.000000,0.05644000,0.05648000,0.05640500,0.05641800,12.74500000
2017-10-17 22:52:00.000000,0.05639900,0.05639900,0.05607000,0.05607000,10.24200000
2017-10-17 22:53:00.000000,0.05639300,0.05646100,0.05609000,0.05609100,8.40400000
2017-10-17 22:54:00.000000,0.05609300,0.05634600,0.05609300,0.05613100,16.30400000
2017-10-17 22:55:00.000000,0.05613100,0.05633800,0.05609300,0.05609300,22.46000000
2017-10-17 22:56:00.000000,0.05610900,0.05613000,0.05610900,0.05611500,3.33300000
2017-10-17 22:57:00.000000,0.05612300,0.05639600,0.05600000,0.05600000,3.29300000
2017-10-17 22:58:00.000000,0.05613000,0.05635700,0.05600200,0.05617400,28.74900000
2017-10-17 22:59:00.000000,0.05634600,0.05634600,0.05600000,0.05601900,57.73600000
2017-10-17 23:00:00.000000,0.05601900,0.05617400,0.05601000,0.05602700,13.04300000
2017-10-17 23:01:00.000000,0.05602700,0.05611900,0.05600000,0.05609000,16.59700000
2017-10-17 23:02:00.000000,0.05602300,0.05602300,0.05600000,0.05600500,5.27400000
2017-10-17 23:03:00.000000,0.05600000,0.05616700,0.05600000,0.05600000,23.69100000
2017-10-17 23:04:00.000000,0.05600000,0.05609000,0.05599000,0.05599700,14.40100000
2017-10-17 23:05:00.000000,0.05599000,0.05609000,0.05598800,0.05600500,40.29900000
2017-10-17 23:06:00.000000,0.05608300,0.05617400,0.05608300,0.05615000,17.84900000
2017-10-17 23:07:00.000000,0.05600500,0.05616000,0.05598800,0.05616000,5.37000000
2017-10-17 23:08:00.000000,0.05601000,0.05605000,0.05586600,0.05605000,21.15700000
2017-10-17 23:09:00.000000,0.05616400,0.05616400,0.05616400,0.05616400,1.00100000
2017-10-17 23:10:00.000000,0.05615000,0.05618100,0.05586600,0.05587500,13.23900000
2017-10-17 23:11:00.000000,0.05587700,0.05616900,0.05583900,0.05583900,6.93700000
2017-10-17 23:12:00.000000,0.05600100,0.05600100,0.05583800,0.05585600,10.11000000
2017-10-17 23:13:00.000000,0.05612900,0.05612900,0.05607200,0.05608600,6.20500000
2017-10-17 23:14:00.000000,0.05607200,0.05623800,0.05607200,0.05618300,14.42200000
2017-10-17 23:15:00.000000,0.05590700,0.05622200,0.05590700,0.05622200,24.25700000
2017-10-17 23:16:00.000000,0.05612200,0.05612200,0.05592800,0.05592800,1.86500000
2017-10-17 23:17:00.000000,0.05611200,0.05634200,0.05611200,0.05613300,2.10600000
2017-10-17 23:18:00.000000,0.05631100,0.05631100,0.05608000,0.05608000,11.81700000
2017-10-17 23:19:00.000000,0.05628100,0.05629600,0.05628100,0.05629400,0.46800000
2017-10-17 23:20:00.000000,0.05605600,0.05629000,0.05588200,0.05588200,13.27100000
2017-10-17 23:21:00.000000,0.05609300,0.05620000,0.05609300,0.05620000,10.65800000
2017-10-17 23:22:00.000000,0.05620000,0.05620000,0.05609300,0.05619200,7.64000000
2017-10-17 23:23:00.000000,0.05619100,0.05620000,0.05619100,0.05620000,10.06400000
2017-10-17 23:24:00.000000,0.05620000,0.05620000,0.05609700,0.05619200,18.22000000
2017-10-17 23:25:00.000000,0.05619200,0.05633000,0.05619200,0.05631600,32.46100000
2017-10-17 23:26:00.000000,0.05633000,0.05634600,0.05627100,0.05631000,42.62100000
2017-10-17 23:27:00.000000,0.05631100,0.05631400,0.05628600,0.05628800,6.39300000
2017-10-17 23:28:00.000000,0.05646300,0.05646600,0.05628800,0.05646600,2.03300000
2017-10-17 23:29:00.000000,0.05629300,0.05647000,0.05609800,0.05634500,25.40300000
2017-10-17 23:30:00.000000,0.05630300,0.05634500,0.05626900,0.05627500,19.14500000
2017-10-17 23:31:00.000000,0.05630000,0.05636200,0.05612500,0.05629000,31.95400000
2017-10-17 23:32:00.000000,0.05636200,0.05669500,0.05629000,0.05630500,12.52400000
2017-10-17 23:33:00.000000,0.05659900,0.05659900,0.05630800,0.05658000,27.79600000
2017-10-17 23:34:00.000000,0.05657400,0.05657400,0.05633200,0.05633200,7.33900000
2017-10-17 23:35:00.000000,0.05633200,0.05659000,0.05633200,0.05642100,2.29900000
2017-10-17 23:36:00.000000,0.05638200,0.05639200,0.05636700,0.05639200,13.32000000
2017-10-17 23:37:00.000000,0.05638800,0.05646100,0.05629000,0.05646100,12.01300000
2017-10-17 23:38:00.000000,0.05646100,0.05646100,0.05630000,0.05630000,17.74900000
2017-10-17 23:39:00.000000,0.05630000,0.05667800,0.05625600,0.05645900,64.06200000
2017-10-17 23:40:00.000000,0.05645900,0.05665300,0.05639300,0.05665300,85.73100000
2017-10-17 23:41:00.000000,0.05663700,0.05678900,0.05652800,0.05678700,62.78700000
2017-10-17 23:42:00.000000,0.05669100,0.05676200,0.05663700,0.05676000,5.31400000
2017-10-17 23:43:00.000000,0.05665600,0.05676500,0.05665600,0.05666900,20.17100000
2017-10-17 23:44:00.000000,0.05665600,0.05678900,0.05665600,0.05678300,46.11300000
2017-10-17 23:45:00.000000,0.05678300,0.05678400,0.05654800,0.05656600,22.74600000
2017-10-17 23:46:00.000000,0.05658000,0.05658000,0.05654900,0.05654900,5.78800000
2017-10-17 23:47:00.000000,0.05656700,0.05680000,0.05644600,0.05661400,92.55100000
2017-10-17 23:48:00.000000,0.05661400,0.05661400,0.05636300,0.05658700,3.17800000
2017-10-17 23:49:00.000000,0.05658600,0.05659000,0.05630400,0.05659000,4.99500000
2017-10-17 23:50:00.000000,0.05631700,0.05634300,0.05631600,0.05634300,4.36400000
2017-10-17 23:51:00.000000,0.05634200,0.05659000,0.05633400,0.05658400,13.79600000
2017-10-17 23:52:00.000000,0.05660900,0.05660900,0.05660500,0.05660500,9.15200000
2017-10-17 23:53:00.000000,0.05659000,0.05659000,0.05633900,0.05633900,1.97700000
2017-10-17 23:54:00.000000,0.05635700,0.05660100,0.05635700,0.05659600,5.80300000
2017-10-17 23:55:00.000000,0.05658300,0.05659000,0.05657500,0.05657500,6.25900000
2017-10-17 23:56:00.000000,0.05657400,0.05657400,0.05629100,0.05657400,35.51700000
2017-10-17 23:57:00.000000,0.05627100,0.05661200,0.05627100,0.05638000,10.28100000
2017-10-17 23:58:00.000000,0.05638000,0.05661300,0.05638000,0.05661000,25.18300000
2017-10-17 23:59:00.000000,0.05638700,0.05661200,0.05638700,0.05661200,5.82800000
2017-10-18 00:00:00.000000,0.05661200,0.05661200,0.05642400,0.05660400,1.92800000
